,,,,,,,,,,,,
"U.S. BILLIONAIRES WEALTH GROWTH, OCTOBER 13, 2020",,,,,,,,,,,,
,,,,,,,,,,,,
First Name,"Net Worth Feb. 8, 2019 
 ($ Millions)","Net Worth Mar. 18, 2020                  ($ Millions)","October 13, 2020 Real Time Worth                            ($ Millions)","Wealth Growth from Mar. 18, 2020 to Oct. 13, 2020                             ($ Millions)","% Wealth Growth from Mar. 18, 2020 to Oct. 13, 2020           ","Wealth Growth from Feb. 8, 2019 to Oct. 13, 2020                        ($ Millions)","% Wealth Growth from Feb. 8, 2019 to Oct. 13, 2020",Source,Industry,State,Gender,Age
TOTAL,"$3,111,000","$2,947,500","$3,878,233","$930,733",31.6%,"$767,233",24.7%,,,,,
Jeff Bezos,"$131,000","$113,000","$203,136","$90,136",79.8%,"$72,136",55.1%,Amazon,Technology,Washington,M,56
Bill Gates,"$96,500","$98,000","$117,976","$19,976",20.4%,"$21,476",22.3%,Microsoft,Technology,Washington,M,64
Mark Zuckerberg,"$62,300","$54,700","$101,230","$46,530",85.1%,"$38,930",62.5%,Facebook,Technology,California,M,36
Elon Musk,"$22,300","$24,600","$92,830","$68,230",277.4%,"$70,530",316.3%,"Tesla, SpaceX",Automotive,California,M,49
Warren Buffett,"$82,500","$67,500","$81,061","$13,561",20.1%,"-$1,439",-1.7%,Berkshire Hathaway,Finance & Investments,Nebraska,M,90
Larry Ellison,"$62,500","$59,000","$80,298","$21,298",36.1%,"$17,798",28.5%,Oracle,Technology,California,M,76
Steve Ballmer,"$41,200","$52,700","$75,039","$22,339",42.4%,"$33,839",82.1%,Microsoft,Technology,Washington,M,64
Larry Page,"$50,800","$50,900","$70,026","$19,126",37.6%,"$19,226",37.8%,Google,Technology,California,M,47
Sergey Brin,"$49,800","$49,100","$68,129","$19,029",38.8%,"$18,329",36.8%,Google,Technology,California,M,47
Alice Walton,"$44,400","$54,400","$67,887","$13,487",24.8%,"$23,487",52.9%,Walmart,Fashion & Retail,Texas,F,70
Jim Walton,"$44,600","$54,600","$67,665","$13,065",23.9%,"$23,065",51.7%,Walmart,Fashion & Retail,Arkansas,M,72
Rob Walton,"$44,300","$54,100","$67,315","$13,215",24.4%,"$23,015",52.0%,Walmart,Fashion & Retail,Arkansas,M,75
MacKenzie Scott,N/A,"$36,000","$65,723","$29,723",82.6%,N/A,N/A,Amazon,Technology,Washington,F,50
Michael Bloomberg,"$55,500","$48,000","$54,890","$6,890",14.4%,-$610,-1.1%,Bloomberg LP,Media & Entertainment,New York,M,78
Daniel Gilbert,"$6,700","$6,500","$49,164","$42,664",656.4%,"$42,464",633.8%,Quicken Loans,Finance & Investments,Michigan,M,58
Phil Knight,"$33,400","$29,500","$49,123","$19,623",66.5%,"$15,723",47.1%,Nike,Fashion & Retail,Oregon,M,82
Charles Koch,"$50,500","$38,200","$44,921","$6,721",17.6%,"-$5,579",-11.0%,Koch Industries,Diversified,Kansas,M,84
Julia/David Koch,"$50,500","$38,200","$44,921","$6,721",17.6%,"-$5,579",-11.0%,Koch Industries,Diversified,New York,F,58
Michael Dell,"$34,300","$22,900","$39,100","$16,200",70.7%,"$4,800",14.0%,Dell computers,Technology,Texas,M,55
Sheldon Adelson,"$35,100","$26,800","$30,304","$3,504",13.1%,"-$4,796",-13.7%,casinos,Gambling & Casinos,Nevada,M,87
Jacqueline Mars,"$23,900","$24,700","$28,896","$4,196",17.0%,"$4,996",20.9%,"candy, pet food",Food & Beverage,Virginia,F,80
John Mars,"$23,900","$24,700","$28,896","$4,196",17.0%,"$4,996",20.9%,"candy, pet food",Food & Beverage,Wyoming,M,84
Len Blavatnik,"$17,700","$17,000","$26,070","$9,070",53.4%,"$8,370",47.3%,diversified,Diversified,,M,63
Jim Simons,"$21,500","$21,600","$23,525","$1,925",8.9%,"$2,025",9.4%,hedge funds,Finance & Investments,New York,M,82
Eric Yuan,N/A,"$5,500","$22,264","$16,764",304.8%,N/A,N/A,video conferencing,Technology,California,M,50
Laurene Powell Jobs,"$18,600","$16,400","$20,512","$4,112",25.1%,"$1,912",10.3%,"Apple, Disney",Technology,California,F,56
Leonard Lauder,"$14,600","$14,600","$19,893","$5,293",36.3%,"$5,293",36.3%,Estee Lauder,Fashion & Retail,New York,M,83
Stephen Schwarzman,"$13,200","$15,400","$19,128","$3,728",24.2%,"$5,928",44.9%,investments,Finance & Investments,New York,M,73
Pierre Omidyar,"$11,400","$11,000","$18,846","$7,846",71.3%,"$7,446",65.3%,"eBay, PayPal",Technology,Hawaii,M,53
Rupert Murdoch,"$19,400","$14,900","$17,922","$3,022",20.3%,"-$1,478",-7.6%,"newspapers, TV network",Media & Entertainment,New York,M,89
Thomas Peterffy,"$17,100","$14,300","$17,894","$3,594",25.1%,$794,4.6%,discount brokerage,Finance & Investments,Florida,M,75
Lukas Walton,"$15,200","$18,400","$16,915","-$1,485",-8.1%,"$1,715",11.3%,Walmart,Fashion & Retail,Wyoming,M,33
Ray Dalio,"$18,400","$18,000","$16,915","-$1,085",-6.0%,"-$1,485",-8.1%,hedge funds,Finance & Investments,Connecticut,M,71
Dustin Moskovitz,"$11,100","$9,300","$16,808","$7,508",80.7%,"$5,708",51.4%,Facebook,Technology,California,M,36
Eric Schmidt,"$12,900","$13,200","$15,586","$2,386",18.1%,"$2,686",20.8%,Google,Technology,California,M,65
Donald Bren,"$16,400","$15,500","$15,300",-$200,-1.3%,"-$1,100",-6.7%,real estate,Real Estate,California,M,88
Donald Newhouse,"$11,800","$10,800","$15,026","$4,226",39.1%,"$3,226",27.3%,media,Media & Entertainment,New York,M,91
Abigail Johnson,"$15,600","$10,800","$14,975","$4,175",38.7%,-$625,-4.0%,money management,Finance & Investments,Massachusetts,F,58
Ken Griffin,"$11,700","$12,100","$14,968","$2,868",23.7%,"$3,268",27.9%,hedge funds,Finance & Investments,Illinois,M,51
Steve Cohen,"$12,900","$13,900","$14,572",$672,4.8%,"$1,672",13.0%,hedge funds,Finance & Investments,Connecticut,M,64
Carl Icahn,"$17,400","$13,800","$14,342",$542,3.9%,"-$3,058",-17.6%,investments,Finance & Investments,New York,M,84
"John Menard, Jr.","$10,500","$11,500","$14,249","$2,749",23.9%,"$3,749",35.7%,home improvement stores,Fashion & Retail,Wisconsin,M,80
"Ernest Garcia, II.","$3,200","$2,400","$13,908","$11,508",479.5%,"$10,708",334.6%,used cars,Automotive,Arizona,M,63
David Duffield,"$11,800","$7,500","$13,546","$6,046",80.6%,"$1,746",14.8%,business software,Technology,Nevada,M,79
Jensen Huang,"$3,800","$4,700","$13,502","$8,802",187.3%,"$9,702",255.3%,semiconductors,Technology,California,M,57
David Tepper,"$11,600","$12,000","$12,986",$986,8.2%,"$1,386",11.9%,hedge funds,Finance & Investments,Florida,M,63
"Thomas Frist, Jr.","$12,400","$7,500","$12,058","$4,558",60.8%,-$342,-2.8%,hospitals,Healthcare,Tennessee,M,82
John Doerr,"$6,900","$7,300","$11,508","$4,208",57.6%,"$4,608",66.8%,venture capital,Technology,California,M,69
Robert Pera,"$6,900","$7,000","$10,966","$3,966",56.7%,"$4,066",58.9%,wireless networking gear,Technology,California,M,42
Gordon Moore,"$9,700","$9,800","$10,886","$1,086",11.1%,"$1,186",12.2%,Intel,Technology,California,M,91
Charles Butt & family,N/A,N/A,"$10,700",N/A,N/A,N/A,N/A,supermarkets,Fashion & Retail,Texas,M,82
Carl Cook,"$8,300","$8,000","$10,532","$2,532",31.6%,"$2,232",26.9%,medical devices,Healthcare,Indiana,M,58
Jack Dorsey,"$5,100","$2,600","$10,357","$7,757",298.3%,"$5,257",103.1%,"Twitter, Square",Technology,California,M,43
Marc Benioff,"$6,600","$5,800","$10,248","$4,448",76.7%,"$3,648",55.3%,business software,Technology,California,M,55
Hank & Doug Meijer,"$6,800","$10,200","$10,192",-$8,-0.1%,"$3,392",49.9%,supermarkets,Fashion & Retail,Michigan,M,
Philip Anschutz,"$10,900","$11,000","$10,129",-$871,-7.9%,-$771,-7.1%,investments,Finance & Investments,Colorado,M,80
Jan Koum,"$9,600","$9,700","$10,096",$396,4.1%,$496,5.2%,WhatsApp,Technology,California,M,44
David Geffen,"$7,800","$7,600","$9,276","$1,676",22.0%,"$1,476",18.9%,"movies, record labels",Media & Entertainment,California,M,77
Ann Walton Kroenke,"$6,500","$7,900","$9,081","$1,181",15.0%,"$2,581",39.7%,Walmart,Fashion & Retail,Texas,F,71
Sun Hongbin,"$9,000","$9,200","$9,055",-$145,-1.6%,$55,0.6%,real estate,Real Estate,,M,57
Steven Rales,"$6,000","$5,800","$8,896","$3,096",53.4%,"$2,896",48.3%,manufacturing,Manufacturing,California,M,69
Jay Chaudhry,N/A,"$2,800","$8,790","$5,990",213.9%,N/A,N/A,security software,Technology,California,M,61
Jerry Jones,"$6,800","$8,000","$8,615",$615,7.7%,"$1,815",26.7%,Dallas Cowboys,Sports,Texas,M,77
George Soros,"$8,300","$8,300","$8,600",$300,3.6%,$300,3.6%,hedge funds,Finance & Investments,New York,M,90
"Herbert Kohler, Jr.","$7,300","$5,900","$8,314","$2,414",40.9%,"$1,014",13.9%,plumbing fixtures,Manufacturing,Wisconsin,M,81
Stanley Kroenke,"$8,700","$10,000","$8,284","-$1,716",-17.2%,-$416,-4.8%,"sports, real estate",Sports,Texas,M,73
Li Ge,"$3,500","$5,000","$8,232","$3,232",64.6%,"$4,732",135.2%,biotech,Healthcare,,M,53
Nancy Walton Laurie,"$5,700","$7,100","$8,190","$1,090",15.4%,"$2,490",43.7%,Walmart,Fashion & Retail,Nevada,F,69
Tom & Judy Love,"$7,000","$6,500","$8,189","$1,689",26.0%,"$1,189",17.0%,retail & gas stations,Fashion & Retail,Oklahoma,,
Blair Parry-Okeden,"$9,300","$7,600","$8,180",$580,7.6%,"-$1,120",-12.0%,"media, automotive",Media & Entertainment,,F,70
Jim Kennedy,"$9,300","$7,600","$8,180",$580,7.6%,"-$1,120",-12.0%,"media, automotive",Media & Entertainment,Georgia,M,72
Lin Bin,"$3,600","$3,500","$8,176","$4,676",133.6%,"$4,576",127.1%,smartphones,Technology,,M,52
Bernard Marcus,"$5,200","$4,600","$7,968","$3,368",73.2%,"$2,768",53.2%,Home Depot,Fashion & Retail,Georgia,M,91
Diane Hendricks,"$6,300","$6,900","$7,957","$1,057",15.3%,"$1,657",26.3%,roofing,Construction & Engineering,Wisconsin,F,73
Charles Ergen,"$9,600","$5,400","$7,925","$2,525",46.8%,"-$1,675",-17.4%,satellite TV,Media & Entertainment,Colorado,M,67
Leon Black,"$6,400","$6,600","$7,915","$1,315",19.9%,"$1,515",23.7%,private equity,Finance & Investments,New York,M,69
Shahid Khan,"$6,800","$7,800","$7,847",$47,0.6%,"$1,047",15.4%,auto parts,Automotive,Florida,M,70
Christy Walton,"$7,200","$8,900","$7,804","-$1,096",-12.3%,$604,8.4%,Walmart,Fashion & Retail,Wyoming,F,71
Andrew Beal,"$9,100","$7,900","$7,629",-$271,-3.4%,"-$1,471",-16.2%,"banks, real estate",Finance & Investments,Texas,M,67
David Green,"$7,000","$6,300","$7,625","$1,325",21.0%,$625,8.9%,retail,Fashion & Retail,Oklahoma,M,78
"Edward Johnson, III.","$7,800","$5,400","$7,358","$1,958",36.3%,-$442,-5.7%,money management,Finance & Investments,Massachusetts,M,90
Charles Schwab,"$8,300","$6,700","$7,311",$611,9.1%,-$989,-11.9%,discount brokerage,Finance & Investments,California,M,83
Marijke Mars,"$6,000","$6,200","$7,224","$1,024",16.5%,"$1,224",20.4%,"candy, pet food",Food & Beverage,California,F,56
Pamela Mars,"$6,000","$6,200","$7,224","$1,024",16.5%,"$1,224",20.4%,"candy, pet food",Food & Beverage,Virginia,F,60
Valerie Mars,"$6,000","$6,200","$7,224","$1,024",16.5%,"$1,224",20.4%,"candy, pet food",Food & Beverage,New York,F,61
Victoria Mars,"$6,000","$6,200","$7,224","$1,024",16.5%,"$1,224",20.4%,"candy, pet food",Food & Beverage,Pennsylvania,F,63
Israel Englander,"$6,400","$6,600","$7,198",$598,9.1%,$798,12.5%,hedge funds,Finance & Investments,New York,M,71
Stephen Ross,"$7,600","$7,600","$7,178",-$422,-5.6%,-$422,-5.6%,real estate,Real Estate,New York,M,80
Stewart and Lynda Resnick,"$5,600","$9,000","$7,100","-$1,900",-21.1%,"$1,500",26.8%,"agriculture, water",Food & Beverage,California,,
Bubba Cathy,"$6,000","$3,400","$7,100","$3,700",108.8%,"$1,100",18.3%,Chick-fil-A,Food & Beverage,Georgia,M,66
Dan Cathy,"$6,000","$3,400","$7,100","$3,700",108.8%,"$1,100",18.3%,Chick-fil-A,Food & Beverage,Georgia,M,67
Jim Davis,"$5,600","$4,700","$6,920","$2,220",47.2%,"$1,320",23.6%,New Balance,Manufacturing,Massachusetts,M,77
"Chase Coleman, III.","$3,100","$4,500","$6,903","$2,403",53.4%,"$3,803",122.7%,hedge fund,Finance & Investments,New York,M,45
Eli Broad,"$6,700","$6,800","$6,880",$80,1.2%,$180,2.7%,investments,Finance & Investments,California,M,87
George Roberts,"$5,500","$5,300","$6,707","$1,407",26.6%,"$1,207",22.0%,private equity,Finance & Investments,California,M,77
Reinhold Schmieding,"$6,000","$5,300","$6,705","$1,405",26.5%,$705,11.7%,medical devices,Healthcare,Florida,M,65
Robert Kraft,"$6,500","$6,900","$6,646",-$254,-3.7%,$146,2.2%,New England Patriots,Sports,Massachusetts,M,79
John Malone,"$7,200","$5,800","$6,592",$792,13.6%,-$608,-8.5%,cable television,Media & Entertainment,Colorado,M,79
James Goodnight,"$8,900","$6,100","$6,542",$442,7.2%,"-$2,358",-26.5%,software,Technology,North Carolina,M,77
John Tu,"$4,700","$4,200","$6,533","$2,333",55.6%,"$1,833",39.0%,computer hardware,Technology,California,M,79
Henry Kravis,"$5,500","$5,200","$6,525","$1,325",25.5%,"$1,025",18.6%,private equity,Finance & Investments,New York,M,76
David Sun,"$4,700","$4,200","$6,503","$2,303",54.8%,"$1,803",38.4%,computer hardware,Technology,California,M,68
David Shaw,"$7,000","$7,300","$6,500",-$800,-11.0%,-$500,-7.1%,hedge funds,Finance & Investments,New York,M,69
David Siegel,"$6,100","$6,100","$6,464",$364,6.0%,$364,6.0%,hedge funds,Finance & Investments,New York,M,59
John Overdeck,"$6,100","$6,100","$6,464",$364,6.0%,$364,6.0%,hedge funds,Finance & Investments,New Jersey,M,50
Arthur Blank,"$4,700","$4,600","$6,322","$1,722",37.4%,"$1,622",34.5%,Home Depot,Sports,Georgia,M,77
Mitchell Rales,"$3,600","$3,700","$6,174","$2,474",66.9%,"$2,574",71.5%,"manufacturing, investments",Manufacturing,Maryland,M,64
Dennis Washington,"$5,900","$5,500","$6,148",$648,11.8%,$248,4.2%,"construction, mining",Logistics,Montana,M,86
Ernest Garcia III,N/A,N/A,"$6,147",N/A,N/A,N/A,N/A,used cars,Automotive,Arizona,M,38
Ronda Stryker,"$5,800","$4,300","$6,095","$1,795",41.7%,$295,5.1%,medical equipment,Healthcare,Michigan,F,66
Patrick Soon-Shiong,"$7,000","$6,400","$6,073",-$327,-5.1%,-$927,-13.2%,pharmaceuticals,Healthcare,California,M,68
Fred Smith,"$4,100","$2,700","$6,039","$3,339",123.7%,"$1,939",47.3%,FedEx,Logistics,Tennessee,M,76
John A. Sobrato,"$6,500","$4,300","$6,000","$1,700",39.5%,-$500,-7.7%,real estate,Real Estate,California,M,81
Ronald Perelman,"$9,400","$6,900","$5,957",-$943,-13.7%,"-$3,443",-36.6%,leveraged buyouts,Finance & Investments,New York,M,77
Richard Kinder,"$6,600","$5,200","$5,852",$652,12.5%,-$748,-11.3%,pipelines,Energy,Texas,M,75
"Paul Tudor Jones, II.","$5,100","$5,100","$5,781",$681,13.4%,$681,13.4%,hedge funds,Finance & Investments,Florida,M,65
Jeff Skoll,"$4,700","$4,600","$5,760","$1,160",25.2%,"$1,060",22.5%,eBay,Technology,California,M,55
George Lucas,"$5,400","$4,600","$5,735","$1,135",24.7%,$335,6.2%,Star Wars,Media & Entertainment,California,M,76
Peter Gassner,"$1,700","$2,500","$5,732","$3,232",129.3%,"$4,032",237.2%,software,Technology,California,M,55
Tom Gores,"$4,000","$5,700","$5,722",$22,0.4%,"$1,722",43.1%,private equity,Finance & Investments,California,M,56
Bobby Murphy,"$2,100","$1,900","$5,710","$3,810",200.5%,"$3,610",171.9%,Snapchat,Technology,California,M,32
Ralph Lauren,"$6,900","$5,700","$5,649",-$51,-0.9%,"-$1,251",-18.1%,apparel,Fashion & Retail,New York,M,80
Jack Dangermond,"$4,000","$4,000","$5,629","$1,629",40.7%,"$1,629",40.7%,mapping software,Technology,California,M,75
Gary Rollins,"$4,300","$3,600","$5,567","$1,967",54.6%,"$1,267",29.5%,pest control,Service,Georgia,M,76
Micky Arison,"$8,900","$5,100","$5,558",$458,9.0%,"-$3,342",-37.6%,Carnival Cruises,Service,Florida,M,71
Reed Hastings,"$4,000","$3,700","$5,537","$1,837",49.7%,"$1,537",38.4%,Netflix,Media & Entertainment,California,M,59
"Edward Roski, Jr.","$5,400","$3,100","$5,480","$2,380",76.8%,$80,1.5%,real estate,Real Estate,California,M,81
Rocco Commisso,"$4,500","$4,500","$5,462",$962,21.4%,$962,21.4%,telecom,Telecom,New Jersey,M,70
Judy Faulkner,"$3,600","$2,500","$5,457","$2,957",118.3%,"$1,857",51.6%,health IT,Technology,Wisconsin,F,77
J. Christopher Reyes,"$4,900","$6,800","$5,440","-$1,360",-20.0%,$540,11.0%,food distribution,Food & Beverage,Florida,M,66
Jude Reyes,"$4,900","$6,800","$5,440","-$1,360",-20.0%,$540,11.0%,food distribution,Food & Beverage,Florida,M,64
Tamara Gustavson,"$4,600","$4,500","$5,439",$939,20.9%,$839,18.2%,self storage,Service,Kentucky,F,58
Evan Spiegel,"$2,100","$1,900","$5,430","$3,530",185.8%,"$3,330",158.6%,Snapchat,Technology,California,M,30
Harry Stine,"$3,900","$3,800","$5,420","$1,620",42.6%,"$1,520",39.0%,agriculture,Food & Beverage,Iowa,M,78
Henry Samueli,"$4,300","$3,500","$5,371","$1,871",53.4%,"$1,071",24.9%,semiconductors,Technology,California,M,65
Tim Sweeney,"$2,000","$4,500","$5,322",$822,18.3%,"$3,322",166.1%,video games,Media & Entertainment,North Carolina,M,49
Bruce Kovner,"$5,200","$5,300","$5,319",$19,0.4%,$119,2.3%,hedge funds,Finance & Investments,New York,M,75
Alan Trefler,"$2,300","$2,500","$5,311","$2,811",112.5%,"$3,011",130.9%,software,Technology,Massachusetts,M,64
Meg Whitman,"$3,400","$3,300","$5,300","$2,000",60.6%,"$1,900",55.9%,eBay,Technology,California,F,64
James Chambers,"$6,200","$5,100","$5,238",$138,2.7%,-$962,-15.5%,"media, automotive",Media & Entertainment,New York,M,63
Katharine Rayner,"$6,200","$5,100","$5,238",$138,2.7%,-$962,-15.5%,"media, automotive",Media & Entertainment,New York,F,75
Margaretta Taylor,"$6,200","$5,100","$5,238",$138,2.7%,-$962,-15.5%,"media, automotive",Media & Entertainment,New York,F,78
Robert F. Smith,"$5,000","$5,000","$5,220",$220,4.4%,$220,4.4%,private equity,Finance & Investments,Texas,M,57
Anthony Wood,"$1,100","$1,600","$5,146","$3,546",221.6%,"$4,046",367.8%,Roku,Technology,California,M,54
Terrence Pegula,"$4,500","$5,000","$5,090",$90,1.8%,$590,13.1%,natural gas,Energy,Florida,M,69
Les Wexner,"$4,600","$4,000","$5,037","$1,037",25.9%,$437,9.5%,retail,Fashion & Retail,Ohio,M,83
Daniel Ziff,"$4,800","$5,000","$5,000",$0,0.0%,$200,4.2%,investments,Finance & Investments,New York,M,48
Dirk Ziff,"$4,800","$5,000","$5,000",$0,0.0%,$200,4.2%,investments,Finance & Investments,Florida,M,56
Robert Ziff,"$4,800","$5,000","$5,000",$0,0.0%,$200,4.2%,investments,Finance & Investments,New York,M,54
"Walter Scott, Jr.","$4,500","$4,400","$4,965",$565,12.9%,$465,10.3%,"utilities, telecom",Energy,Nebraska,M,89
Douglas Leone,"$3,700","$3,500","$4,961","$1,461",41.8%,"$1,261",34.1%,venture capital,Finance & Investments,California,M,63
Richard Schulze,"$3,700","$3,400","$4,944","$1,544",45.4%,"$1,244",33.6%,Best Buy,Fashion & Retail,Florida,M,79
Ronald Lauder,"$3,900","$4,000","$4,938",$938,23.5%,"$1,038",26.6%,Estee Lauder,Fashion & Retail,New York,M,76
George Kaiser,"$7,600","$5,600","$4,929",-$671,-12.0%,"-$2,671",-35.1%,"oil & gas, banking",Energy,Oklahoma,M,78
Pauline MacMillan Keinath,"$6,900","$4,800","$4,891",$91,1.9%,"-$2,009",-29.1%,Cargill,Food & Beverage,Missouri,F,86
Ken Langone,"$3,400","$3,200","$4,840","$1,640",51.2%,"$1,440",42.3%,investments,Finance & Investments,New York,M,84
Ted Lerner,"$4,900","$3,700","$4,833","$1,133",30.6%,-$67,-1.4%,real estate,Real Estate,Maryland,M,94
Michael Moritz,"$3,300","$3,400","$4,828","$1,428",42.0%,"$1,528",46.3%,venture capital,Technology,California,M,66
Charles Simonyi,"$2,900","$3,500","$4,820","$1,320",37.7%,"$1,920",66.2%,Microsoft,Technology,Washington,M,72
Isaac Perlmutter,"$4,300","$3,900","$4,749",$849,21.8%,$449,10.4%,Marvel comics,Media & Entertainment,Florida,M,77
John Brown,"$3,900","$3,000","$4,746","$1,746",58.2%,$846,21.7%,medical equipment,Healthcare,Georgia,M,86
Robert Bass,"$4,900","$4,500","$4,733",$233,5.2%,-$167,-3.4%,"oil, investments",Energy,Texas,M,72
Karen Pritzker,"$4,800","$4,900","$4,706",-$194,-4.0%,-$94,-2.0%,"hotels, investments",Service,Connecticut,F,62
Randa Duncan Williams,"$5,900","$3,600","$4,701","$1,101",30.6%,"-$1,199",-20.3%,pipelines,Energy,Texas,F,59
Dannine Avara,"$5,900","$3,600","$4,701","$1,101",30.6%,"-$1,199",-20.3%,pipelines,Energy,Texas,F,56
Milane Frantz,"$5,900","$3,600","$4,701","$1,101",30.6%,"-$1,199",-20.3%,pipelines,Energy,Texas,F,51
Scott Duncan,"$5,900","$3,600","$4,701","$1,101",30.6%,"-$1,199",-20.3%,pipelines,Energy,Texas,M,37
Charles Dolan,"$5,500","$4,600","$4,688",$88,1.9%,-$812,-14.8%,cable television,Media & Entertainment,New York,M,93
"Henry Nicholas, III.","$3,800","$2,700","$4,679","$1,979",73.3%,$879,23.1%,semiconductors,Technology,California,M,60
Eric Smidt,"$2,700","$3,000","$4,676","$1,676",55.9%,"$1,976",73.2%,hardware stores,Fashion & Retail,California,M,60
Sam Zell,"$5,500","$4,800","$4,666",-$134,-2.8%,-$834,-15.2%,"real estate, private equity",Real Estate,Illinois,M,78
Joshua Harris,"$3,500","$4,000","$4,644",$644,16.1%,"$1,144",32.7%,private equity,Finance & Investments,New York,M,55
Jane Lauder,"$3,200","$3,300","$4,640","$1,340",40.6%,"$1,440",45.0%,Estée Lauder,Fashion & Retail,New York,F,47
Ray Lee Hunt,"$4,700","$4,400","$4,638",$238,5.4%,-$62,-1.3%,"oil, real estate",Energy,Texas,M,77
Stephen Bisciotti,"$4,200","$4,200","$4,634",$434,10.3%,$434,10.3%,"staffing, Baltimore Ravens",Sports,Maryland,M,60
Bert Beveridge,"$4,000","$3,200","$4,630","$1,430",44.7%,$630,15.8%,vodka,Food & Beverage,Texas,M,58
Ronald Wanek,"$1,800","$2,000","$4,605","$2,605",130.2%,"$2,805",155.8%,furniture,Manufacturing,Florida,M,79
Charles B. Johnson,"$5,000","$4,200","$4,544",$344,8.2%,-$456,-9.1%,money management,Finance & Investments,Florida,M,87
Martha Ingram,"$5,000","$4,400","$4,439",$39,0.9%,-$561,-11.2%,"book distribution, transportation",Media & Entertainment,Tennessee,F,85
Stanley Druckenmiller,"$4,600","$4,700","$4,438",-$262,-5.6%,-$162,-3.5%,hedge funds,Finance & Investments,New York,M,67
Sheldon Solow,"$5,200","$4,200","$4,434",$234,5.6%,-$766,-14.7%,real estate,Real Estate,New York,M,92
Dagmar Dolby,"$4,100","$3,600","$4,377",$777,21.6%,$277,6.8%,Dolby Laboratories,Technology,California,F,79
Scott Cook,"$3,500","$2,900","$4,344","$1,444",49.8%,$844,24.1%,software,Technology,California,M,68
Howard Schultz,"$3,500","$3,000","$4,337","$1,337",44.6%,$837,23.9%,Starbucks,Food & Beverage,Washington,M,67
Ken Fisher,"$3,500","$3,900","$4,309",$409,10.5%,$809,23.1%,money management,Finance & Investments,Washington,M,69
Joe Mansueto,"$3,300","$2,800","$4,298","$1,498",53.5%,$998,30.2%,investment research,Finance & Investments,Illinois,M,64
Igor Olenicoff,"$4,000","$3,900","$4,281",$381,9.8%,$281,7.0%,real estate,Real Estate,Florida,M,77
"Julian Robertson, Jr.","$4,300","$4,400","$4,273",-$128,-2.9%,-$28,-0.6%,hedge funds,Finance & Investments,New York,M,88
Mark Cuban,"$4,100","$4,300","$4,242",-$58,-1.4%,$142,3.5%,online media,Media & Entertainment,Texas,M,62
Leonard Stern,"$4,800","$4,500","$4,225",-$275,-6.1%,-$575,-12.0%,real estate,Real Estate,New York,M,82
John Paulson,"$5,000","$4,200","$4,200",$0,0.0%,-$800,-16.0%,hedge funds,Finance & Investments,New York,M,64
Tilman Fertitta,"$4,700","$4,300","$4,142",-$158,-3.7%,-$558,-11.9%,"Houston Rockets, entertainment",Food & Beverage,Texas,M,63
Thomas Hagen,"$2,800","$3,100","$4,109","$1,009",32.6%,"$1,309",46.8%,insurance,Finance & Investments,Pennsylvania,M,84
John Morris,"$5,700","$3,200","$4,085",$885,27.7%,"-$1,615",-28.3%,sporting goods retail,Fashion & Retail,Missouri,M,72
Mark Walter,"$3,100","$2,700","$4,083","$1,383",51.2%,$983,31.7%,finance,Finance & Investments,Illinois,M,60
Dan Friedkin,"$4,000","$3,300","$4,082",$782,23.7%,$82,2.1%,Toyota dealerships,Automotive,Texas,M,55
Marian Ilitch,"$4,100","$3,800","$4,055",$255,6.7%,-$45,-1.1%,Little Caesars,Food & Beverage,Michigan,F,87
Min Kao,"$3,500","$3,500","$4,052",$552,15.8%,$552,15.8%,navigation equipment,Technology,Kansas,M,71
Barry Diller,"$3,700","$3,000","$4,033","$1,033",34.4%,$333,9.0%,online media,Media & Entertainment,New York,M,78
Margot Birmingham Perot,"$4,100","$4,000","$4,030",$30,0.8%,-$70,-1.7%,"computer services, real estate",Technology,Texas,F,86
Ken Xie,N/A,"$1,300","$4,003","$2,703",207.9%,N/A,N/A,cybersecurity,Technology,California,M,57
Gabe Newell,"$3,900","$3,500","$4,003",$503,14.4%,$103,2.6%,videogames,Gambling & Casinos,Washington,M,57
Sami Mnaymneh,N/A,"$4,000","$4,000",$0,0.0%,N/A,N/A,private equity,Finance & Investments,Florida,M,59
Tony Tamer,N/A,"$4,000","$4,000",$0,0.0%,N/A,N/A,private equity,Finance & Investments,New York,M,62
Steven Udvar-Hazy,"$3,900","$3,900","$3,994",$94,2.4%,$94,2.4%,aircraft leasing,Service,California,M,74
Jon Stryker,"$3,400","$2,700","$3,988","$1,288",47.7%,$588,17.3%,medical equipment,Healthcare,New York,M,62
Neil Bluhm,"$4,000","$3,700","$3,960",$260,7.0%,-$40,-1.0%,real estate,Real Estate,Illinois,M,82
David Bonderman,"$3,300","$3,700","$3,957",$257,7.0%,$657,19.9%,private equity,Finance & Investments,Texas,M,77
Harold Hamm,"$12,700","$2,400","$3,955","$1,555",64.8%,"-$8,745",-68.9%,oil & gas,Energy,Oklahoma,M,74
Janice McNair,"$3,800","$4,000","$3,945",-$55,-1.4%,$145,3.8%,"energy, sports",Sports,Texas,F,83
Jonathan Gray,"$2,800","$3,200","$3,931",$731,22.9%,"$1,131",40.4%,investments,Finance & Investments,New York,M,50
Rick Caruso,"$4,000","$3,400","$3,907",$507,14.9%,-$93,-2.3%,real estate,Real Estate,California,M,61
Helen Johnson-Leipold,"$3,800","$3,300","$3,888",$588,17.8%,$88,2.3%,cleaning products,Manufacturing,Wisconsin,F,63
S. Curtis Johnson,"$3,800","$3,300","$3,888",$588,17.8%,$88,2.3%,cleaning products,Manufacturing,Wisconsin,M,65
Winifred J. Marquart,"$3,800","$3,300","$3,888",$588,17.8%,$88,2.3%,cleaning products,Manufacturing,Virginia,F,61
Robert Rowling,"$5,300","$2,500","$3,879","$1,379",55.2%,"-$1,421",-26.8%,"hotels, investments",Service,Texas,M,66
H. Fisk Johnson,"$3,800","$3,300","$3,868",$568,17.2%,$68,1.8%,cleaning products,Manufacturing,Wisconsin,M,62
Jeff Greene,"$3,400","$3,700","$3,863",$163,4.4%,$463,13.6%,"real estate, investments",Real Estate,Florida,M,65
Don Vultaggio,"$3,100","$2,700","$3,843","$1,143",42.3%,$743,24.0%,beverages,Food & Beverage,New York,M,68
Tom Golisano,"$3,500","$3,200","$3,819",$619,19.4%,$319,9.1%,payroll services,Service,Florida,M,78
Jeff Rothschild,"$2,700","$2,400","$3,812","$1,412",58.8%,"$1,112",41.2%,Facebook,Technology,California,M,65
"Robert Rich, Jr.","$4,800","$4,400","$3,779",-$622,-14.1%,"-$1,022",-21.3%,frozen foods,Food & Beverage,Florida,M,79
Antony Ressler,"$2,100","$2,700","$3,761","$1,061",39.3%,"$1,661",79.1%,finance,Finance & Investments,California,M,58
Donald Sterling,"$3,600","$3,600","$3,750",$150,4.2%,$150,4.2%,real estate,Real Estate,California,M,86
Steven Spielberg,"$3,700","$3,600","$3,738",$138,3.8%,$38,1.0%,movies,Media & Entertainment,California,M,73
Mary Alice Dorrance Malone,"$2,800","$3,800","$3,736",-$64,-1.7%,$936,33.4%,Campbell Soup,Food & Beverage,Pennsylvania,F,70
Russ Weiner,"$4,100","$4,000","$3,732",-$268,-6.7%,-$368,-9.0%,energy drinks,Food & Beverage,Florida,M,50
Marc Rowan,"$3,000","$3,200","$3,706",$506,15.8%,$706,23.5%,private equity,Finance & Investments,New York,M,58
Michael Milken,"$3,600","$3,700","$3,704",$4,0.1%,$104,2.9%,investments,Finance & Investments,California,M,74
David Steward,"$3,000","$3,500","$3,691",$191,5.5%,$691,23.0%,IT provider,Technology,Missouri,M,69
Orlando Bravo,N/A,"$3,000","$3,690",$690,23.0%,N/A,N/A,private equity,Finance & Investments,California,M,49
Niraj Shah,"$2,000",N/A,"$3,683",N/A,N/A,"$1,683",84.2%,online retail,Technology,Massachusetts,M,46
Roger Wang,"$3,800","$3,600","$3,675",$75,2.1%,-$125,-3.3%,retail,Fashion & Retail,,M,71
Steve Conine,"$2,000",N/A,"$3,667",N/A,N/A,"$1,667",83.4%,online retail,Technology,Massachusetts,M,48
Thomas Pritzker,"$4,100","$3,100","$3,664",$564,18.2%,-$436,-10.6%,"hotels, investments",Finance & Investments,Illinois,M,70
Ty Warner,"$2,600","$2,600","$3,650","$1,050",40.4%,"$1,050",40.4%,"real estate, plush toys",Real Estate,Illinois,M,76
Jeff Green,"$1,100","$1,000","$3,618","$2,618",261.8%,"$2,518",228.9%,digital advertising,Media & Entertainment,California,M,43
Lee Paul & family,N/A,"$1,700","$3,603","$1,903",111.9%,N/A,N/A,packaging,Manufacturing,,M,62
Jeffery Hildebrand,"$3,000","$2,200","$3,600","$1,400",63.6%,$600,20.0%,oil,Energy,Texas,M,61
"Rupert Johnson, Jr.","$4,200","$3,200","$3,593",$393,12.3%,-$607,-14.5%,money management,Finance & Investments,California,M,80
Rodger Riney,"$3,400","$3,600","$3,591",-$9,-0.3%,$191,5.6%,discount brokerage,Finance & Investments,Missouri,M,74
Thomas Siebel,"$2,900","$3,600","$3,589",-$11,-0.3%,$689,23.8%,business software,Technology,California,M,67
Romesh T. Wadhwani,"$3,300","$3,400","$3,580",$180,5.3%,$280,8.5%,software,Technology,California,M,73
Paul Singer,"$3,200","$3,500","$3,565",$65,1.8%,$365,11.4%,hedge funds,Finance & Investments,New York,M,76
Richard LeFrak,"$6,000","$2,800","$3,557",$757,27.0%,"-$2,443",-40.7%,real estate,Real Estate,New York,M,75
Anthony Pritzker,"$3,300","$3,500","$3,546",$46,1.3%,$246,7.4%,"hotels, investments",Service,California,M,59
"Amos Hostetter, Jr.","$3,300","$3,500","$3,539",$39,1.1%,$239,7.3%,cable television,Media & Entertainment,Massachusetts,M,83
Johnelle Hunt,"$2,800","$2,500","$3,539","$1,039",41.5%,$739,26.4%,trucking,Logistics,Arkansas,F,88
Frank VanderSloot,"$4,200","$3,500","$3,537",$37,1.1%,-$663,-15.8%,"nutrition, wellness products",Fashion & Retail,Idaho,M,72
Trevor Rees-Jones,"$4,300","$3,700","$3,535",-$165,-4.5%,-$765,-17.8%,oil & gas,Energy,Texas,M,69
Charles Cohen,"$3,400","$3,200","$3,531",$331,10.3%,$131,3.8%,real estate,Real Estate,New York,M,68
Michael Rubin,"$3,000","$2,900","$3,517",$617,21.3%,$517,17.2%,online retail,Fashion & Retail,Pennsylvania,M,48
"Edward Johnson, IV.","$3,500","$2,400","$3,477","$1,077",44.9%,-$23,-0.7%,money management,Finance & Investments,Massachusetts,M,55
J.B. Pritzker,"$3,200","$3,400","$3,446",$46,1.4%,$246,7.7%,"hotels, investments",Finance & Investments,Illinois,M,55
Mark Stevens,"$2,400","$2,500","$3,445",$945,37.8%,"$1,045",43.6%,venture capital,Finance & Investments,California,M,60
Herbert Wertheim,"$2,400","$2,400","$3,441","$1,041",43.4%,"$1,041",43.4%,investments,Finance & Investments,Florida,M,81
Jay Paul,"$3,300","$2,100","$3,435","$1,335",63.6%,$135,4.1%,real estate,Real Estate,California,M,73
Elizabeth Johnson,"$3,500","$2,400","$3,410","$1,010",42.1%,-$90,-2.6%,money management,Finance & Investments,Massachusetts,F,57
Lynn Schusterman,"$3,200","$3,400","$3,400",$0,0.0%,$200,6.3%,"oil & gas, investments",Energy,Oklahoma,F,81
John Middleton,"$3,100","$3,300","$3,397",$97,2.9%,$297,9.6%,tobacco,Food & Beverage,Pennsylvania,M,65
Jim Davis,"$2,800","$2,600","$3,388",$788,30.3%,$588,21.0%,staffing & recruiting,Service,Maryland,M,60
Arturo Moreno,"$3,000","$3,300","$3,366",$66,2.0%,$366,12.2%,"billboards, Anaheim Angels",Sports,Arizona,M,74
David Filo,"$4,800","$2,100","$3,330","$1,230",58.6%,"-$1,470",-30.6%,Yahoo,Technology,California,M,54
Daniel D'Aniello,"$2,700","$2,900","$3,312",$412,14.2%,$612,22.7%,private equity,Finance & Investments,Virginia,M,74
Jerry Speyer,"$4,000","$4,000","$3,307",-$693,-17.3%,-$693,-17.3%,real estate,Real Estate,New York,M,80
Hao Hong,N/A,"$1,900","$3,296","$1,396",73.5%,N/A,N/A,pharmaceuticals,Healthcare,,M,64
Thomas Secunda,"$2,800","$3,000","$3,289",$289,9.6%,$489,17.5%,Bloomberg LP,Media & Entertainment,New York,M,66
John Arnold,"$3,300","$3,300","$3,285",-$15,-0.5%,-$15,-0.5%,hedge funds,Finance & Investments,Texas,M,46
Neal Blue,N/A,"$4,100","$3,279",-$821,-20.0%,N/A,N/A,defense,Manufacturing,California,M,85
David Rubenstein,"$2,700","$2,800","$3,277",$477,17.0%,$577,21.4%,private equity,Finance & Investments,Maryland,M,71
Gayle Benson,"$2,900","$3,200","$3,265",$65,2.0%,$365,12.6%,pro sports teams,Sports,Louisiana,F,73
Jim McKelvey,"$1,500",N/A,"$3,262",N/A,N/A,"$1,762",117.5%,mobile payments,Technology,Missouri,M,54
Denise York,"$2,500","$3,200","$3,244",$44,1.4%,$744,29.7%,San Francisco 49ers,Sports,Ohio,F,69
John Sall,"$4,400","$3,100","$3,239",$139,4.5%,"-$1,161",-26.4%,software,Technology,North Carolina,M,72
Nick Caporella,"$2,900","$1,900","$3,236","$1,336",70.3%,$336,11.6%,beverages,Food & Beverage,Florida,M,84
Thai Lee,"$2,100","$3,000","$3,235",$235,7.8%,"$1,135",54.0%,IT provider,Technology,Texas,F,61
Archie Aldis Emmerson,"$3,800","$2,500","$3,234",$734,29.4%,-$566,-14.9%,"timberland, lumber mills",Manufacturing,California,M,91
Patrick Ryan,"$3,000","$2,900","$3,232",$332,11.4%,$232,7.7%,insurance,Finance & Investments,Illinois,M,83
Don Hankey,"$3,100","$3,100","$3,219",$119,3.8%,$119,3.8%,auto loans,Finance & Investments,California,M,77
Barry Sternlicht,N/A,"$3,000","$3,214",$214,7.1%,N/A,N/A,private equity,Finance & Investments,Florida,M,59
Daniel Och,"$3,500","$3,100","$3,187",$87,2.8%,-$313,-8.9%,hedge funds,Finance & Investments,New York,M,59
Rakesh Gangwal,"$2,900","$2,400","$3,179",$779,32.5%,$279,9.6%,airline,Service,Florida,M,67
William Lauder,"$1,900","$2,200","$3,172",$972,44.2%,"$1,272",67.0%,Estee Lauder,Fashion & Retail,New York,M,60
Eric Lefkofsky,"$2,500","$2,700","$3,160",$460,17.0%,$660,26.4%,Groupon,Technology,Illinois,M,51
"Bernard Saul, II.","$3,600","$2,900","$3,143",$243,8.4%,-$457,-12.7%,"banking, real estate",Finance & Investments,Maryland,M,88
Brian Chesky,"$3,700","$4,100","$3,120",-$980,-23.9%,-$580,-15.7%,Airbnb,Technology,California,M,39
Joe Gebbia,"$3,700","$4,100","$3,120",-$980,-23.9%,-$580,-15.7%,Airbnb,Technology,California,M,39
Nathan Blecharczyk,"$3,700","$4,100","$3,120",-$980,-23.9%,-$580,-15.7%,Airbnb,Technology,California,M,37
Gwendolyn Sontheim Meyer,"$4,300","$3,000","$3,111",$111,3.7%,"-$1,189",-27.7%,Cargill,Food & Beverage,California,F,58
Steven Klinsky,N/A,"$2,900","$3,085",$185,6.4%,N/A,N/A,investments,Finance & Investments,New York,M,64
"William Wrigley, Jr.","$2,800","$3,000","$3,078",$78,2.6%,$278,9.9%,chewing gum,Food & Beverage,Florida,M,56
Peter Kellogg,"$3,400","$2,700","$3,048",$348,12.9%,-$352,-10.3%,investments,Finance & Investments,New Jersey,M,78
Jane Goldman,"$3,300","$3,100","$3,044",-$56,-1.8%,-$256,-7.8%,real estate,Real Estate,New York,F,65
Steve Wynn,"$3,000","$3,100","$3,037",-$63,-2.0%,$37,1.2%,"casinos, hotels",Gambling & Casinos,Nevada,M,78
James Leprino,"$4,000","$3,200","$3,015",-$185,-5.8%,-$985,-24.6%,cheese,Food & Beverage,Colorado,M,82
Ben Ashkenazy,"$4,000","$3,500","$3,007",-$493,-14.1%,-$993,-24.8%,real estate,Real Estate,New York,M,50
Sheldon Lavin,N/A,N/A,"$3,000",N/A,N/A,N/A,N/A,meat processing,Food & Beverage,New Jersey,M,88
Lynsi Snyder,"$3,000","$3,600","$3,000",-$600,-16.7%,$0,0.0%,In-N-Out Burger,Food & Beverage,California,F,38
Joseph Liemandt,"$3,000","$3,000","$3,000",$0,0.0%,$0,0.0%,software,Technology,Texas,M,52
Bennett Dorrance,"$2,300","$3,000","$2,994",-$6,-0.2%,$694,30.2%,Campbell Soup,Food & Beverage,Arizona,M,74
Amy Goldman Fowler,"$3,300","$3,100","$2,993",-$107,-3.4%,-$307,-9.3%,real estate,Real Estate,New York,F,66
"William Conway, Jr.","$2,700","$2,700","$2,980",$280,10.4%,$280,10.4%,private equity,Finance & Investments,Virginia,M,71
Diane Kemper,"$3,300","$3,100","$2,972",-$128,-4.1%,-$328,-9.9%,real estate,Real Estate,New York,F,75
Allan Goldman,"$3,300","$3,100","$2,969",-$131,-4.2%,-$331,-10.0%,real estate,Real Estate,New York,M,77
B. Wayne Hughes,"$2,800","$2,600","$2,968",$368,14.2%,$168,6.0%,self storage,Service,Kentucky,M,86
Jim Koch,"$1,100","$1,300","$2,959","$1,659",127.6%,"$1,859",169.0%,beer,Food & Beverage,Massachusetts,M,71
Aerin Lauder,"$2,500","$2,100","$2,957",$857,40.8%,$457,18.3%,cosmetics,Fashion & Retail,New York,F,50
Jeff Sutton,"$4,300","$3,800","$2,952",-$848,-22.3%,"-$1,348",-31.3%,real estate,Real Estate,New York,M,60
James Irsay,"$2,700","$3,000","$2,950",-$50,-1.7%,$250,9.3%,Indianapolis Colts,Sports,Indiana,M,61
Daniel Loeb,"$2,800","$2,800","$2,937",$137,4.9%,$137,4.9%,hedge funds,Finance & Investments,New York,M,58
Chad Richison,"$1,500","$1,600","$2,936","$1,336",83.5%,"$1,436",95.7%,payroll processing,Technology,Oklahoma,M,49
Osman Kibar,"$2,100","$1,400","$2,929","$1,529",109.2%,$829,39.5%,biotech,Healthcare,California,M,49
Alejandro Santo Domingo,"$3,400","$2,100","$2,920",$820,39.1%,-$480,-14.1%,beer,Food & Beverage,New York,M,43
Pablo Legorreta,N/A,N/A,"$2,918",N/A,N/A,N/A,N/A,investments,Finance & Investments,New York,M,56
"Drayton McLane, Jr.","$2,300","$2,700","$2,910",$210,7.8%,$610,26.5%,"Walmart, logistics",Fashion & Retail,Texas,M,84
Ron Baron,"$2,200","$2,300","$2,907",$607,26.4%,$707,32.1%,money management,Finance & Investments,New York,M,77
Andres Santo Domingo,"$3,400","$2,100","$2,903",$803,38.2%,-$497,-14.6%,beer,Food & Beverage,New York,M,42
Mark Shoen,"$3,200","$2,900","$2,899",-$1,0.0%,-$301,-9.4%,U-Haul,Automotive,Arizona,M,69
Haim Saban,"$2,800","$2,700","$2,896",$196,7.3%,$96,3.4%,"TV network, investments",Media & Entertainment,California,M,75
Jimmy Haslam,"$2,700","$2,700","$2,866",$166,6.1%,$166,6.1%,"gas stations, retail",Fashion & Retail,Tennessee,M,66
John Catsimatidis,"$3,100","$3,300","$2,847",-$453,-13.7%,-$253,-8.2%,"oil, real estate",Energy,New York,M,72
John Henry,"$2,700","$2,600","$2,836",$236,9.1%,$136,5.0%,sports,Sports,Florida,M,71
Todd Wanek,N/A,"$1,100","$2,817","$1,717",156.1%,N/A,N/A,furniture,Manufacturing,Florida,M,56
Ira Rennert,"$3,800","$3,000","$2,797",-$203,-6.8%,"-$1,003",-26.4%,investments,Finance & Investments,New York,M,86
James Clark,"$2,100","$2,200","$2,794",$594,27.0%,$694,33.0%,"Netscape, investments",Technology,Florida,M,76
Steven Sarowitz,"$1,300","$1,300","$2,790","$1,490",114.6%,"$1,490",114.6%,payroll software,Technology,Illinois,M,54
"Stephen Mandel, Jr.","$2,400","$2,800","$2,783",-$17,-0.6%,$383,16.0%,hedge funds,Finance & Investments,Connecticut,M,64
"Austen Cargill, II.","$4,000","$2,700","$2,783",$83,3.1%,"-$1,217",-30.4%,Cargill,Food & Beverage,Montana,M,69
"James Cargill, II.","$4,000","$2,700","$2,783",$83,3.1%,"-$1,217",-30.4%,Cargill,Food & Beverage,Wisconsin,M,71
Marianne Liebmann,"$4,000","$2,700","$2,783",$83,3.1%,"-$1,217",-30.4%,Cargill,Food & Beverage,Montana,F,67
Norman Braman,"$2,400","$2,400","$2,768",$368,15.3%,$368,15.3%,"art, car dealerships",Automotive,Florida,M,88
Aneel Bhusri,"$2,400","$1,700","$2,743","$1,043",61.4%,$343,14.3%,business software,Technology,California,M,54
Pat Stryker,"$2,400","$2,000","$2,742",$742,37.1%,$342,14.3%,medical equipment,Healthcare,Colorado,F,64
John Fisher,"$2,600","$2,100","$2,740",$640,30.5%,$140,5.4%,Gap,Fashion & Retail,California,M,59
James Jannard,"$3,000","$2,800","$2,740",-$60,-2.2%,-$260,-8.7%,sunglasses,Fashion & Retail,Washington,M,71
Jeffrey Lurie,"$2,100","$2,700","$2,732",$32,1.2%,$632,30.1%,Philadelphia Eagles,Sports,Pennsylvania,M,69
Penny Pritzker,"$2,600","$2,500","$2,724",$224,8.9%,$124,4.8%,"hotels, investments",Finance & Investments,Illinois,F,61
Jean (Gigi) Pritzker,"$3,100","$2,300","$2,717",$417,18.1%,-$383,-12.4%,"hotels, investments",Service,California,F,58
Richard Peery,"$2,800","$2,400","$2,713",$313,13.1%,-$87,-3.1%,real estate,Real Estate,California,M,81
Kelcy Warren,"$4,100","$2,200","$2,713",$513,23.3%,"-$1,387",-33.8%,pipelines,Energy,Texas,M,64
Sean Parker,"$2,600","$2,700","$2,698",-$2,-0.1%,$98,3.8%,Facebook,Technology,California,M,40
Rodney Sacks,"$1,900","$2,000","$2,698",$698,34.9%,$798,42.0%,energy drinks,Food & Beverage,California,M,70
Herb Simon,"$3,400","$2,500","$2,696",$196,7.8%,-$704,-20.7%,real estate,Real Estate,Indiana,M,85
John Paul DeJoria,"$2,500","$3,100","$2,686",-$414,-13.4%,$186,7.4%,"hair products, tequila",Fashion & Retail,Texas,M,76
Ben Silbermann,"$1,600",N/A,"$2,684",N/A,N/A,"$1,084",67.7%,Pinterest,Technology,California,M,38
Alexis Lê-Quôc,N/A,N/A,"$2,666",N/A,N/A,N/A,N/A,cloud computing,Technology,New York,M,45
Chris Larsen,"$1,900","$2,600","$2,663",$63,2.4%,$763,40.2%,cryptocurrency,Finance & Investments,California,M,60
Travis Kalanick,"$5,800","$2,600","$2,649",$49,1.9%,"-$3,151",-54.3%,Uber,Technology,California,M,44
Warren Stephens,"$2,500","$2,300","$2,645",$345,15.0%,$145,5.8%,investment banking,Finance & Investments,Arkansas,M,63
"Jeremy Jacobs, Sr.","$4,100","$3,200","$2,618",-$582,-18.2%,"-$1,482",-36.2%,food service,Service,New York,M,80
Vinod Khosla,"$2,100","$2,000","$2,616",$616,30.8%,$516,24.6%,venture capital,Technology,California,M,65
Jon Yarbrough,"$2,200","$2,200","$2,600",$400,18.2%,$400,18.2%,video games,Gambling & Casinos,Tennessee,M,63
Jim Breyer,"$3,000","$2,300","$2,565",$265,11.5%,-$435,-14.5%,venture capital,Technology,California,M,59
George Kurtz,N/A,N/A,"$2,555",N/A,N/A,N/A,N/A,security software,Technology,,M,49
Peter Thiel,"$2,500","$2,300","$2,554",$254,11.0%,$54,2.2%,"Facebook, Palantir",Finance & Investments,California,M,52
Dan Snyder,"$2,200","$2,600","$2,553",-$47,-1.8%,$353,16.0%,Washington Redskins,Sports,Maryland,M,55
Oprah Winfrey,"$2,500","$2,500","$2,552",$52,2.1%,$52,2.1%,TV shows,Media & Entertainment,California,F,66
Leonard Schleifer,"$1,800","$2,100","$2,539",$439,20.9%,$739,41.1%,pharmaceuticals,Healthcare,New York,M,68
Jeff Lawson,N/A,N/A,"$2,525",N/A,N/A,N/A,N/A,software,Technology,California,M,43
Donald Trump,"$3,100","$2,100","$2,520",$420,20.0%,-$581,-18.7%,real estate,Real Estate,District of Columbia,M,74
William Berkley,"$1,800","$2,600","$2,515",-$85,-3.3%,$715,39.7%,insurance,Finance & Investments,Florida,M,74
John Pritzker,"$2,600","$2,600","$2,509",-$91,-3.5%,-$91,-3.5%,"hotels, investments",Finance & Investments,California,M,67
Timothy Boyle,"$2,900","$1,700","$2,501",$801,47.1%,-$399,-13.8%,Columbia Sportswear,Fashion & Retail,Oregon,M,71
Leon G. Cooperman,"$3,000","$3,200","$2,500",-$700,-21.9%,-$500,-16.7%,hedge funds,Finance & Investments,Florida,M,77
Brian Acton,"$3,600","$2,500","$2,500",$0,0.0%,"-$1,100",-30.6%,WhatsApp,Technology,California,M,48
John Arrillaga,"$2,500","$2,100","$2,495",$395,18.8%,-$5,-0.2%,real estate,Real Estate,California,M,83
Evan Williams,"$1,600","$1,800","$2,494",$694,38.6%,$894,55.9%,Twitter,Technology,California,M,48
Doris Fisher,"$2,600","$2,200","$2,493",$293,13.3%,-$107,-4.1%,Gap,Fashion & Retail,California,F,89
C. Dean Metropoulos,"$2,400","$2,400","$2,481",$81,3.4%,$81,3.4%,investments,Food & Beverage,Florida,M,74
"H. Ross Perot, Jr.","$2,300","$2,000","$2,475",$475,23.8%,$175,7.6%,real estate,Real Estate,Texas,M,61
Brad Kelley,"$2,300","$2,400","$2,473",$73,3.0%,$173,7.5%,tobacco,Real Estate,Tennessee,M,63
Glen Taylor,"$2,800","$2,900","$2,469",-$431,-14.9%,-$331,-11.8%,printing,Service,Minnesota,M,79
E. Joe Shoen,"$2,700","$2,400","$2,467",$67,2.8%,-$233,-8.6%,U-Haul,Automotive,Arizona,M,70
Bradley Jacobs,"$1,700","$1,500","$2,463",$963,64.2%,$763,44.9%,logistics,Logistics,Connecticut,M,64
Mortimer Zuckerman,"$2,900","$2,500","$2,462",-$38,-1.5%,-$438,-15.1%,"real estate, media",Real Estate,New York,M,83
Trevor Milton,N/A,"$1,100","$2,450","$1,350",122.8%,N/A,N/A,electric vehicles,Automotive,Arizona,M,38
Daniel Pritzker,"$2,300","$2,300","$2,401",$101,4.4%,$101,4.4%,"hotels, investments",Service,California,M,61
Charles Zegar,"$2,200","$2,100","$2,398",$298,14.2%,$198,9.0%,Bloomberg LP,Media & Entertainment,New York,M,72
Jerry Yang,"$2,600","$2,400","$2,391",-$9,-0.4%,-$209,-8.1%,Yahoo,Technology,California,M,51
David Gottesman,"$2,300","$2,000","$2,377",$377,18.9%,$77,3.4%,investments,Finance & Investments,New York,M,94
Vincent Viola,"$2,700","$2,000","$2,371",$371,18.6%,-$329,-12.2%,electronic trading,Finance & Investments,New York,M,64
Noam Gottesman,"$2,600","$2,600","$2,369",-$231,-8.9%,-$231,-8.9%,hedge funds,Finance & Investments,New York,M,59
Valentin Gapontsev,"$1,800","$1,600","$2,365",$765,47.8%,$565,31.4%,lasers,Manufacturing,Massachusetts,M,81
Alice Schwartz,"$1,100","$1,500","$2,355",$855,57.0%,"$1,255",114.1%,biotech,Healthcare,California,F,94
William Stone,"$1,900","$1,300","$2,352","$1,052",80.9%,$452,23.8%,software,Technology,Florida,M,65
Joseph Grendys,"$2,500","$2,200","$2,343",$143,6.5%,-$157,-6.3%,poultry processing,Food & Beverage,Illinois,M,58
Phillip Frost,"$2,000","$1,500","$2,335",$835,55.7%,$335,16.8%,pharmaceuticals,Healthcare,Florida,M,83
Gary Friedman,N/A,N/A,"$2,333",N/A,N/A,N/A,N/A,Furniture retail,Fashion & Retail,California,M,63
Phil Ruffin,"$2,700","$2,500","$2,313",-$187,-7.5%,-$387,-14.4%,"casinos, real estate",Diversified,Nevada,M,85
Kavitark Ram Shriram,"$2,100","$2,200","$2,301",$101,4.6%,$201,9.6%,"venture capital, Google",Technology,California,M,63
Robert Duggan,"$1,800","$1,800","$2,298",$498,27.7%,$498,27.7%,pharmaceuticals,Healthcare,Florida,M,76
Brian Sheth,"$2,200","$2,200","$2,297",$97,4.4%,$97,4.4%,investments,Finance & Investments,Texas,M,44
Todd Christopher,"$2,200","$2,200","$2,295",$95,4.3%,$95,4.3%,hair care products,Fashion & Retail,Florida,M,57
Clayton Mathile,"$2,200","$2,300","$2,290",-$10,-0.4%,$90,4.1%,pet food,Food & Beverage,Ohio,M,79
Jim Kavanaugh,"$1,900","$2,200","$2,287",$87,4.0%,$387,20.4%,IT provider,Technology,Missouri,M,57
Stewart Rahr,"$2,300","$2,300","$2,287",-$13,-0.6%,-$13,-0.6%,drug distribution,Healthcare,New York,M,74
Jim Coulter,"$2,200","$2,600","$2,269",-$331,-12.7%,$69,3.1%,private equity,Finance & Investments,California,M,60
Matthew Calkins,"$1,000",N/A,"$2,254",N/A,N/A,"$1,254",125.4%,software,Technology,Virginia,M,47
Bob Parsons,"$2,500","$2,700","$2,225",-$475,-17.6%,-$275,-11.0%,web hosting,Technology,Arizona,M,69
Bill Austin,"$2,500","$2,100","$2,220",$120,5.7%,-$280,-11.2%,hearing aids,Manufacturing,Texas,M,78
Phillip T. (Terry) Ragon,"$2,200","$1,700","$2,213",$513,30.2%,$13,0.6%,health IT,Technology,Massachusetts,M,71
Ted Turner,"$2,200","$2,100","$2,199",$99,4.7%,-$1,0.0%,cable television,Media & Entertainment,Georgia,M,81
David Walentas,"$2,400","$2,300","$2,186",-$114,-4.9%,-$214,-8.9%,real estate,Real Estate,New York,M,82
Jeffrey Gundlach,"$2,000","$2,100","$2,180",$80,3.8%,$180,9.0%,investments,Finance & Investments,California,M,61
Gerald Ford,"$2,700","$2,100","$2,165",$65,3.1%,-$535,-19.8%,banking,Finance & Investments,Texas,M,76
Shen Hua & family,N/A,N/A,"$2,163",N/A,N/A,N/A,N/A,semiconductor,Technology,Zhejiang,M,57
Patrick Hanrahan,N/A,"$1,100","$2,153","$1,053",95.7%,N/A,N/A,software,Technology,California,M,65
Kenneth Tuchman,"$1,500","$1,300","$2,144",$844,64.9%,$644,42.9%,outsourcing,Service,Colorado,M,60
Gordon Getty,"$2,100","$2,100","$2,132",$32,1.5%,$32,1.5%,Getty Oil,Energy,California,M,86
Chris Wanstrath,"$1,400","$1,400","$2,130",$730,52.1%,$730,52.1%,software,Technology,California,M,35
Sid Bass,"$3,200","$1,900","$2,105",$205,10.8%,"-$1,095",-34.2%,"oil, investments",Energy,Texas,M,78
Jose E. Feliciano,N/A,"$2,100","$2,100",$0,0.0%,N/A,N/A,private equity,Finance & Investments,California,M,47
Henry Laufer,"$2,000","$2,100","$2,100",$0,0.0%,$100,5.0%,hedge funds,Finance & Investments,Florida,M,75
Alec Gores,"$2,200","$2,000","$2,086",$86,4.3%,-$114,-5.2%,private equity,Finance & Investments,California,M,67
Bruce Karsh,"$2,000","$2,200","$2,082",-$118,-5.3%,$82,4.1%,private equity,Finance & Investments,California,M,64
Reid Hoffman,"$1,700","$1,800","$2,062",$262,14.5%,$362,21.3%,LinkedIn,Technology,California,M,53
Andrew & Peggy Cherng,"$2,700","$2,300","$2,057",-$243,-10.6%,-$643,-23.8%,restaurants,Food & Beverage,Nevada,,
George Argyros,"$2,500","$1,900","$2,057",$157,8.3%,-$443,-17.7%,"real estate, investments",Real Estate,California,M,83
George Bishop,"$2,300","$2,400","$2,049",-$351,-14.6%,-$251,-10.9%,oil & gas,Energy,Texas,M,82
Donald Horton,"$1,000",N/A,"$2,045",N/A,N/A,"$1,045",104.5%,homebuilding,Real Estate,Texas,M,70
Carol Jenkins Barnett,"$1,800","$2,000","$2,045",$45,2.2%,$245,13.6%,Publix supermarkets,Food & Beverage,Florida,F,63
Howard Marks,"$2,000","$2,200","$2,044",-$156,-7.1%,$44,2.2%,private equity,Finance & Investments,New York,M,74
J. Hyatt Brown,"$1,200","$1,600","$2,041",$441,27.5%,$841,70.1%,insurance,Finance & Investments,Florida,M,83
David Murdock,"$1,900","$2,000","$2,037",$37,1.9%,$137,7.2%,"Dole, real estate",Food & Beverage,California,M,97
William Ackman,"$1,100","$1,400","$2,037",$637,45.5%,$937,85.2%,hedge funds,Finance & Investments,New York,M,54
Amy Wyss,"$1,900","$2,000","$2,035",$35,1.8%,$135,7.1%,medical equipment,Healthcare,Wyoming,F,49
S. Daniel Abraham,"$2,000","$2,000","$2,020",$20,1.0%,$20,1.0%,Slim-Fast,Food & Beverage,Florida,M,96
Linda Pritzker,"$1,900","$2,000","$2,020",$20,1.0%,$120,6.3%,"hotels, investments",Service,Montana,F,67
Riley Bechtel,"$2,700","$1,900","$2,015",$115,6.1%,-$685,-25.4%,"engineering, construction",Construction & Engineering,California,M,68
"Stephen Bechtel, Jr.","$2,700","$1,900","$2,015",$115,6.1%,-$685,-25.4%,"engineering, construction",Construction & Engineering,California,M,95
Glenn Dubin,"$2,000","$2,000","$2,010",$10,0.5%,$10,0.5%,hedge funds,Finance & Investments,New York,M,63
Ben Chestnut,"$2,100","$2,200","$2,000",-$200,-9.1%,-$100,-4.8%,email marketing,Technology,Georgia,M,46
Dan Kurzius,"$2,100","$2,200","$2,000",-$200,-9.1%,-$100,-4.8%,email marketing,Technology,Georgia,M,48
Behdad Eghbali,N/A,"$2,000","$2,000",$0,0.0%,N/A,N/A,private equity,Finance & Investments,California,M,44
James Dinan,"$2,200","$2,200","$1,991",-$209,-9.5%,-$209,-9.5%,hedge funds,Finance & Investments,New York,M,61
Vlad Shmunis,N/A,"$1,300","$1,989",$689,53.0%,N/A,N/A,cloud technology,Technology,California,M,59
Jonathan Nelson,"$1,800","$1,800","$1,980",$180,10.0%,$180,10.0%,private equity,Finance & Investments,Rhode Island,M,64
Thomas Lee,"$2,000","$2,000","$1,980",-$20,-1.0%,-$20,-1.0%,private equity,Finance & Investments,New York,M,76
Stewart Horejsi,"$1,900","$1,500","$1,955",$455,30.3%,$55,2.9%,Berkshire Hathaway,Finance & Investments,Arizona,M,82
John Tyson,"$1,900","$1,500","$1,947",$447,29.8%,$47,2.5%,food processing,Food & Beverage,Arkansas,M,67
Kevin Systrom,"$1,400","$1,300","$1,937",$637,49.0%,$537,38.4%,Instagram,Technology,California,M,36
Stanley Hubbard,"$1,900","$2,000","$1,932",-$68,-3.4%,$32,1.7%,DirecTV,Media & Entertainment,Minnesota,M,87
Edward Bass,"$2,200","$1,800","$1,922",$122,6.8%,-$278,-12.6%,"oil, investments",Energy,Texas,M,75
Larry Robbins,"$1,900","$1,900","$1,910",$10,0.5%,$10,0.5%,hedge funds,Finance & Investments,New Jersey,M,50
Richard Sands,"$2,700","$2,300","$1,890",-$410,-17.8%,-$810,-30.0%,liquor,Food & Beverage,Florida,M,69
Todd McKinnon,N/A,N/A,"$1,882",N/A,N/A,N/A,N/A,software,Technology,California,M,48
Anita Zucker,"$2,400","$1,300","$1,881",$581,44.7%,-$519,-21.6%,chemicals,Manufacturing,South Carolina,F,68
Tom Preston-Werner,"$1,200","$1,200","$1,879",$679,56.6%,$679,56.6%,collaborative software,Technology,California,M,40
Gail Miller,"$1,400","$1,700","$1,878",$178,10.5%,$478,34.2%,car dealerships,Automotive,Utah,F,76
John Oyler,N/A,N/A,"$1,871",N/A,N/A,N/A,N/A,biotech,,,M,52
Lorenzo Fertitta,"$2,000","$1,500","$1,865",$365,24.3%,-$135,-6.7%,"casinos, mixed martial arts",Sports,Nevada,M,51
Ray Davis,"$2,400","$1,700","$1,865",$165,9.7%,-$535,-22.3%,pipelines,Energy,Texas,M,78
"Frank Fertitta, III.","$2,000","$1,500","$1,861",$361,24.1%,-$139,-6.9%,"casinos, mixed martial arts",Sports,Nevada,M,58
J. Tomilson Hill,"$1,400","$1,600","$1,859",$259,16.2%,$459,32.8%,investments,Finance & Investments,New York,M,72
Jennifer Pritzker,"$1,900","$1,900","$1,858",-$42,-2.2%,-$42,-2.2%,"hotels, investments",Service,Illinois,F,70
Robert Sands,"$2,700","$1,800","$1,848",$48,2.7%,-$852,-31.5%,liquor,Food & Beverage,New York,M,62
William Young,"$2,300","$2,100","$1,838",-$262,-12.5%,-$462,-20.1%,plastics,Manufacturing,Michigan,M,79
Randal J. Kirk,"$2,600","$1,900","$1,835",-$65,-3.4%,-$765,-29.4%,pharmaceuticals,Healthcare,Florida,M,66
"Edward DeBartolo, Jr.","$2,900","$1,600","$1,833",$233,14.6%,"-$1,067",-36.8%,shopping centers,Real Estate,Florida,M,73
Sheryl Sandberg,"$1,600","$1,500","$1,832",$332,22.1%,$232,14.5%,Facebook,Technology,California,F,51
Bill Haslam,"$1,800","$1,600","$1,826",$226,14.1%,$26,1.5%,gas stations,Fashion & Retail,Tennessee,M,62
Roger Penske,"$1,500","$1,100","$1,799",$699,63.5%,$299,19.9%,cars,Automotive,Michigan,M,83
Nicholas Pritzker,"$2,000","$1,900","$1,796",-$104,-5.5%,-$204,-10.2%,"hotels, investments",Service,California,M,76
Herb Chambers,"$1,400","$1,600","$1,795",$195,12.2%,$395,28.2%,car dealerships,Automotive,Massachusetts,M,78
David Booth,"$1,700","$1,400","$1,791",$391,27.9%,$91,5.4%,mutual funds,Finance & Investments,Texas,M,74
Brian Roberts,"$1,800","$1,700","$1,788",$88,5.2%,-$12,-0.7%,Comcast,Service,Pennsylvania,M,61
Henry Swieca,"$1,700","$1,800","$1,780",-$20,-1.1%,$80,4.7%,hedge funds,Finance & Investments,New York,M,63
Stephen Feinberg,"$1,500","$1,500","$1,777",$277,18.4%,$277,18.4%,private equity,Finance & Investments,New York,M,60
Marc Lasry,"$1,800","$1,800","$1,776",-$24,-1.3%,-$24,-1.3%,hedge funds,Finance & Investments,New York,M,59
Todd Wagner,"$1,800","$1,800","$1,775",-$25,-1.4%,-$25,-1.4%,online media,Media & Entertainment,Texas,M,60
Craig McCaw,"$1,800","$1,800","$1,769",-$31,-1.7%,-$31,-1.7%,telecom,Telecom,Washington,M,71
Evgeny (Eugene) Shvidler,"$1,500","$1,600","$1,763",$163,10.2%,$263,17.5%,"oil & gas, investments",Energy,,M,56
Susan Alfond,"$1,600","$1,400","$1,763",$363,25.9%,$163,10.2%,shoes,Fashion & Retail,Maine,F,75
James France,"$1,800","$1,800","$1,760",-$40,-2.2%,-$40,-2.2%,"Nascar, racing",Sports,Florida,M,75
Bill Alfond,"$1,600","$1,400","$1,758",$358,25.6%,$158,9.9%,shoes,Fashion & Retail,Massachusetts,M,72
Ted Alfond,"$1,600","$1,400","$1,758",$358,25.6%,$158,9.9%,shoes,Fashion & Retail,Massachusetts,M,76
Nelson Peltz,"$1,600","$1,600","$1,755",$155,9.7%,$155,9.7%,investments,Finance & Investments,New York,M,78
Charles Munger,"$1,600","$1,600","$1,752",$152,9.5%,$152,9.5%,Berkshire Hathaway,Finance & Investments,California,M,96
Jeffrey Talpins,"$1,700","$1,700","$1,725",$25,1.5%,$25,1.5%,hedge fund,Finance & Investments,New York,M,45
Christopher Goldsbury,"$1,600","$1,700","$1,719",$19,1.1%,$119,7.4%,salsa,Food & Beverage,Texas,M,77
Hamilton James,"$1,500","$1,400","$1,707",$307,22.0%,$207,13.8%,investments,Finance & Investments,New York,M,69
Leslie Alexander,"$2,000","$1,700","$1,704",$4,0.2%,-$296,-14.8%,sports team,Sports,Texas,M,77
Gary Michelson,"$1,700","$1,700","$1,700",$0,0.0%,$0,0.0%,medical patents,Healthcare,California,M,71
Jimmy John Liautaud,"$1,700","$1,700","$1,700",$0,0.0%,$0,0.0%,sandwich chain,Food & Beverage,Florida,M,56
Charlotte Colket Weber,"$1,400","$1,700","$1,695",-$5,-0.3%,$295,21.1%,Campbell Soup,Food & Beverage,Florida,F,77
Elaine Wynn,"$2,100","$1,400","$1,684",$284,20.3%,-$416,-19.8%,"casinos, hotels",Gambling & Casinos,Nevada,F,78
Jorge Perez,"$2,600","$1,900","$1,673",-$227,-11.9%,-$927,-35.7%,real estate,Real Estate,Florida,M,70
Nicolas Berggruen,"$1,600","$1,500","$1,671",$171,11.4%,$71,4.4%,investments,Finance & Investments,California,M,59
David Lichtenstein,"$1,800","$1,700","$1,665",-$35,-2.1%,-$135,-7.5%,real estate,Real Estate,New York,M,58
Clifford Asness,"$3,100","$2,600","$1,661",-$939,-36.1%,"-$1,439",-46.4%,money management,Finance & Investments,Connecticut,M,53
Vincent McMahon,"$3,200","$1,800","$1,655",-$145,-8.1%,"-$1,545",-48.3%,entertainment,Sports,Connecticut,M,75
William Fisher,"$1,400",N/A,"$1,655",N/A,N/A,$255,18.2%,Gap,Fashion & Retail,California,M,63
W. Herbert Hunt,"$2,000","$1,400","$1,644",$244,17.5%,-$356,-17.8%,oil,Energy,Texas,M,91
Michael Xie,N/A,N/A,"$1,640",N/A,N/A,N/A,N/A,cybersecurity,Technology,California,M,51
Catherine Lozick,"$1,700","$1,600","$1,634",$34,2.1%,-$67,-3.9%,valve manufacturing,Manufacturing,Florida,F,75
T. Denny Sanford,"$2,600","$2,000","$1,633",-$367,-18.4%,-$967,-37.2%,"banking, credit cards",Finance & Investments,South Dakota,M,84
Mario Gabelli,"$1,700","$1,500","$1,630",$130,8.6%,-$70,-4.1%,money management,Finance & Investments,Connecticut,M,78
Michael Jordan,"$1,800","$2,100","$1,615",-$485,-23.1%,-$185,-10.3%,"Charlotte Hornets, endorsements",Sports,Florida,M,57
Peter Buck,"$1,600","$1,400","$1,613",$213,15.2%,$13,0.8%,Subway sandwich shops,Food & Beverage,Connecticut,M,89
Lee Bass,"$2,300","$1,800","$1,612",-$188,-10.4%,-$688,-29.9%,"oil, investments",Energy,Texas,M,64
Stephen Winn,"$1,500","$1,400","$1,606",$206,14.7%,$106,7.1%,real estate services,Real Estate,Texas,M,74
Brian Higgins,"$1,600","$1,600","$1,600",$0,0.0%,$0,0.0%,hedge funds,Finance & Investments,New York,M,55
O. Francis Biondi,"$1,600","$1,600","$1,600",$0,0.0%,$0,0.0%,hedge funds,Finance & Investments,New York,M,56
"B. Wayne Hughes, Jr.","$1,400","$1,300","$1,556",$256,19.7%,$156,11.2%,storage facilities,Real Estate,California,M,59
William Koch,"$1,800","$1,500","$1,549",$49,3.3%,-$251,-13.9%,"oil, investments",Energy,Florida,M,80
Frank Laukien,"$1,200","$1,300","$1,540",$240,18.5%,$340,28.4%,scientific equipment,Manufacturing,Massachusetts,M,60
Jerry Reinsdorf,"$1,600","$1,500","$1,538",$38,2.6%,-$62,-3.9%,sports teams,Sports,Illinois,M,84
Deng Hui,N/A,"$1,300","$1,533",$233,17.9%,N/A,N/A,software,Technology,,M,58
Robert Fisher,"$1,400",N/A,"$1,527",N/A,N/A,$127,9.1%,Gap,Fashion & Retail,California,M,67
Orion Hindawi,N/A,"$1,500","$1,526",$26,1.7%,N/A,N/A,software,Technology,California,M,40
Marc Andreessen,"$1,300","$1,200","$1,526",$326,27.2%,$226,17.4%,venture capital investing,Finance & Investments,California,M,49
Kenny Troutt,"$1,400","$1,500","$1,525",$25,1.7%,$125,8.9%,telecom,Telecom,Texas,M,72
Billy Joe (Red) McCombs,"$1,500","$1,400","$1,522",$122,8.7%,$22,1.4%,"real estate, oil, cars, sports",Diversified,Texas,M,92
Drew Houston,"$2,300","$1,300","$1,521",$221,17.0%,-$779,-33.9%,cloud storage service,Technology,California,M,37
"Richard Yuengling, Jr.","$1,200","$1,100","$1,508",$408,37.1%,$308,25.7%,beer,Food & Beverage,Pennsylvania,M,77
Keith Dunleavy,N/A,N/A,"$1,504",N/A,N/A,N/A,N/A,Healthcare,Healthcare,Maryland,M,
Peter Sperling,"$1,400","$1,500","$1,504",$4,0.3%,$104,7.4%,education,Service,Arizona,M,60
John Farber,"$1,800","$1,200","$1,503",$303,25.2%,-$297,-16.5%,chemicals,Manufacturing,New York,M,95
Louis Bacon,"$1,500","$1,500","$1,500",$0,0.0%,$0,0.0%,hedge funds,Finance & Investments,New York,M,64
Seth Klarman,"$1,500","$1,500","$1,500",$0,0.0%,$0,0.0%,investments,Finance & Investments,Massachusetts,M,63
Bill Gross,"$1,500","$1,500","$1,499",-$1,-0.1%,-$1,-0.1%,investments,Finance & Investments,California,M,76
George Joseph,"$1,600","$1,400","$1,494",$94,6.7%,-$106,-6.6%,insurance,Finance & Investments,California,M,99
"Herbert Allen, Jr.","$2,000","$1,400","$1,494",$94,6.7%,-$506,-25.3%,investment banking,Finance & Investments,New York,M,80
PJ Hyett,N/A,N/A,"$1,492",N/A,N/A,N/A,N/A,software,Technology,California,M,
James Leininger,"$1,400","$1,500","$1,479",-$21,-1.4%,$79,5.6%,medical products,Healthcare,Texas,M,75
Paul Foster,"$1,700","$1,400","$1,469",$69,4.9%,-$231,-13.6%,oil refining,Energy,Texas,M,62
Jonathan Tisch,"$1,400","$1,400","$1,467",$67,4.8%,$67,4.8%,"insurance, NFL team",Diversified,New York,M,66
Alan Gerry,"$1,400","$1,500","$1,461",-$39,-2.6%,$61,4.4%,cable television,Media & Entertainment,New York,M,91
Henry Engelhardt,"$1,200","$1,200","$1,459",$259,21.6%,$259,21.6%,insurance,Finance & Investments,,M,62
David Zalik,"$1,900","$1,400","$1,457",$57,4.1%,-$443,-23.3%,financial technology,Technology,Georgia,M,46
David Hindawi,N/A,"$1,400","$1,445",$45,3.2%,N/A,N/A,software,Technology,California,M,75
Maggie Hardy Knox,N/A,"$1,400","$1,445",$45,3.2%,N/A,N/A,building materials,Service,Pennsylvania,F,54
Felix Baker,N/A,"$1,400","$1,436",$36,2.6%,N/A,N/A,biotech investing,Finance & Investments,New York,M,51
Julian Baker,N/A,"$1,400","$1,436",$36,2.6%,N/A,N/A,investing,Finance & Investments,New York,M,54
Steve Case,"$1,300","$1,400","$1,424",$24,1.7%,$124,9.5%,AOL,Technology,Virginia,M,62
Ron Burkle,"$1,500","$1,400","$1,420",$20,1.5%,-$80,-5.3%,"supermarkets, investments",Finance & Investments,,M,67
John Bicket,N/A,"$1,400","$1,417",$17,1.2%,N/A,N/A,sensor systems,Technology,California,M,40
Sanjit Biswas,N/A,"$1,400","$1,417",$17,1.2%,N/A,N/A,sensor systems,Technology,California,M,38
Thomas Steyer,"$1,600","$1,600","$1,415",-$185,-11.6%,-$185,-11.6%,hedge funds,Finance & Investments,California,M,63
David Paul,"$1,200","$1,000","$1,413",$413,41.3%,$213,17.7%,medical devices,Healthcare,Pennsylvania,M,53
Mark Pincus,"$1,200","$1,200","$1,411",$211,17.6%,$211,17.6%,online games,Technology,California,M,54
Sue Gross,"$1,300","$1,400","$1,409",$9,0.6%,$109,8.4%,investments,Finance & Investments,California,F,70
"Julio Mario Santo Domingo, III.","$1,700","$1,000","$1,408",$408,40.8%,-$292,-17.2%,beer,Food & Beverage,New York,M,35
Kenneth Feld,"$2,400","$2,000","$1,407",-$593,-29.7%,-$993,-41.4%,live entertainment,Media & Entertainment,Florida,M,71
Scott Kapnick,N/A,"$1,400","$1,400",$0,0.0%,N/A,N/A,private equity,Finance & Investments,Florida,M,61
Philippe Laffont,"$1,400","$1,400","$1,400",$0,0.0%,$0,0.0%,hedge fund,Finance & Investments,New York,M,52
Leo Koguan,"$1,000","$1,400","$1,400",$0,0.0%,$400,40.0%,IT provider,Technology,Texas,M,65
Jim Thompson,"$1,600","$1,200","$1,398",$198,16.5%,-$202,-12.6%,logistics,Logistics,,M,80
George Yancopoulos,"$1,200","$1,100","$1,394",$294,26.7%,$194,16.2%,pharmaceuticals,Healthcare,New York,M,61
Bharat Desai,"$1,400","$1,400","$1,392",-$8,-0.6%,-$8,-0.6%,IT consulting,Technology,Florida,M,67
Martin Selig,"$1,500","$1,600","$1,390",-$210,-13.1%,-$110,-7.3%,real estate,Real Estate,Washington,M,82
Theodore Leonsis,"$1,100","$1,400","$1,383",-$17,-1.2%,$283,25.8%,sports teams,Sports,Maryland,M,64
Duncan MacMillan,"$1,100","$1,300","$1,383",$83,6.4%,$283,25.8%,Bloomberg LP,Finance & Investments,New Jersey,M,82
Jerry Moyes,"$1,200","$1,200","$1,375",$175,14.6%,$175,14.6%,transportation,Logistics,Arizona,M,76
James Duff,"$1,200","$1,400","$1,363",-$37,-2.6%,$163,13.6%,"tires, diversified",Diversified,Mississippi,M,59
Thomas Duff,"$1,200","$1,400","$1,363",-$37,-2.6%,$163,13.6%,"tires, diversified",Diversified,Mississippi,M,63
Jamie Dimon,"$1,300","$1,200","$1,361",$161,13.4%,$61,4.7%,banking,Finance & Investments,New York,M,64
Timothy Headington,"$1,500","$1,200","$1,351",$151,12.5%,-$149,-10.0%,"oil & gas, investments",Energy,Texas,M,70
Sidney Kimmel,"$1,300","$1,300","$1,348",$48,3.7%,$48,3.7%,retail,Fashion & Retail,New York,M,92
Jim Crane,N/A,"$1,300","$1,346",$46,3.5%,N/A,N/A,"logistics, baseball",Sports,Texas,M,66
Gary Magness,"$1,300","$1,100","$1,342",$242,22.0%,$42,3.2%,"cable TV, investments",Media & Entertainment,Colorado,M,66
Fayez Sarofim,"$1,400","$1,100","$1,341",$241,21.9%,-$59,-4.2%,money management,Finance & Investments,Texas,M,91
Kevin Plank,"$1,900","$1,100","$1,332",$232,21.1%,-$568,-29.9%,Under Armour,Fashion & Retail,Maryland,M,48
Alexandra Daitch,"$1,900","$1,300","$1,326",$26,2.0%,-$574,-30.2%,Cargill,Food & Beverage,Connecticut,F,57
Lucy Stitzer,"$1,900","$1,300","$1,326",$26,2.0%,-$574,-30.2%,Cargill,Food & Beverage,Connecticut,F,60
Sarah MacMillan,"$1,900","$1,300","$1,326",$26,2.0%,-$574,-30.2%,Cargill,Food & Beverage,California,F,66
Joe Rogers Jr,N/A,N/A,"$1,300",N/A,N/A,N/A,N/A,Waffle House,Food & Beverage,,M,
Kanye West,N/A,N/A,"$1,300",N/A,c,N/A,N/A,"music, sneakers",,California,M,43
Chuck Bundrant,"$2,400","$1,600","$1,300",-$300,-18.8%,"-$1,100",-45.8%,fishing,Food & Beverage,Washington,M,78
Ryan Smith,N/A,"$1,300","$1,300",$0,0.0%,N/A,N/A,cloud computing,Technology,Utah,M,42
Boris Jordan,N/A,N/A,"$1,294",N/A,N/A,N/A,N/A,,,New York,,54
Alexander Rovt,"$1,300","$1,300","$1,292",-$8,-0.6%,-$8,-0.6%,"fertilizer, real estate",Manufacturing,New York,M,68
Tor Peterson,"$1,700","$1,100","$1,282",$182,16.6%,-$418,-24.6%,commodities,Metals & Mining,,M,56
Darwin Deason,"$1,300","$1,300","$1,268",-$32,-2.5%,-$32,-2.5%,Xerox,Service,Texas,M,80
Edward Lampert,"$1,000",N/A,"$1,264",N/A,N/A,$264,26.4%,Sears,Finance & Investments,Florida,M,58
George Marcus,"$1,400","$1,200","$1,259",$59,4.9%,-$141,-10.1%,real estate,Real Estate,California,M,79
Michael Krasny,"$1,400","$1,300","$1,254",-$46,-3.6%,-$146,-10.5%,retail,Technology,Illinois,M,67
Timothy Springer,N/A,N/A,"$1,238",N/A,N/A,N/A,N/A,biotech,Healthcare,Massachusetts,M,72
Farris Wilks,"$1,400","$1,200","$1,231",$31,2.6%,-$169,-12.1%,natural gas,Energy,Texas,M,68
Joseph Edelman,"$1,200","$1,200","$1,230",$30,2.5%,$30,2.5%,hedge funds,Finance & Investments,New York,M,65
Yvon Chouinard,"$1,500","$1,200","$1,226",$26,2.2%,-$274,-18.3%,Patagonia,Fashion & Retail,California,M,81
Donald Foss,"$1,300","$1,100","$1,216",$116,10.6%,-$84,-6.4%,auto loans,Automotive,Michigan,M,76
Thomas Tull,"$1,200","$1,200","$1,216",$16,1.3%,$16,1.3%,"movies, investments",Media & Entertainment,California,M,50
Frederic Luddy,"$1,100","$1,100","$1,213",$113,10.2%,$113,10.2%,software,Technology,California,M,65
Jayshree Ullal,"$1,200","$1,000","$1,212",$212,21.2%,$12,1.0%,computer networking,Technology,California,F,59
Gary Lauder,N/A,N/A,"$1,209",N/A,N/A,N/A,N/A,Estée Lauder,Fashion & Retail,California,M,58
Jared Smith,N/A,"$1,200","$1,205",$5,0.4%,N/A,N/A,cloud computing,Technology,Utah,M,45
"Jim Justice, II.","$1,500","$1,200","$1,204",$4,0.4%,-$296,-19.7%,coal,Metals & Mining,West Virginia,M,69
Safra Catz,"$1,000",N/A,"$1,202",N/A,N/A,$202,20.2%,software,Technology,California,F,58
Eren Ozmen,"$1,200","$1,400","$1,200",-$200,-14.3%,$0,0.0%,aerospace,Manufacturing,Nevada,F,62
Greg Mondre,N/A,"$1,200","$1,200",$0,0.0%,N/A,N/A,private equity,Finance & Investments,New York,M,46
Kenneth Hao,N/A,"$1,200","$1,200",$0,0.0%,N/A,N/A,private equity,Finance & Investments,California,M,52
Lawrence Golub,N/A,"$1,200","$1,200",$0,0.0%,N/A,N/A,private equity,Finance & Investments,New York,M,60
Mike Bingle,N/A,"$1,200","$1,200",$0,0.0%,N/A,N/A,private equity,Finance & Investments,Connecticut,M,48
Wilma Tisch,"$1,400","$1,200","$1,200",$0,0.0%,-$200,-14.3%,diversified,Finance & Investments,New York,F,93
Robert Friedland,"$1,000",N/A,"$1,194",N/A,N/A,$194,19.4%,mining,Metals & Mining,,M,70
J. Christopher Flowers,"$1,200","$1,200","$1,193",-$7,-0.6%,-$7,-0.6%,investments,Finance & Investments,New York,M,62
Joe Lacob,N/A,"$1,200","$1,190",-$11,-0.9%,N/A,N/A,Golden State Warriors,Sports,California,M,64
Edward Stack,N/A,N/A,"$1,171",N/A,N/A,N/A,N/A,Dick's Sporting Goods,Fashion & Retail,Pennsylvania,M,65
Thomas Bailey,"$1,200","$1,200","$1,166",-$34,-2.8%,-$34,-2.8%,money management,Finance & Investments,Colorado,M,83
Michael Price,"$1,100","$1,100","$1,164",$64,5.8%,$64,5.8%,investments,Finance & Investments,New Jersey,M,68
Daniel Lubetzky,"$1,500","$1,200","$1,160",-$40,-3.3%,-$340,-22.7%,snack bars,Food & Beverage,New York,M,51
Fatih Ozmen,"$1,200","$1,400","$1,150",-$250,-17.9%,-$50,-4.2%,aerospace,Manufacturing,Nevada,M,62
Thomas James,"$1,200","$1,100","$1,147",$47,4.3%,-$53,-4.4%,finance,Finance & Investments,Florida,M,78
John Martin,"$1,200","$1,300","$1,144",-$156,-12.0%,-$56,-4.6%,pharmaceuticals,Healthcare,California,M,69
Paul Fireman,"$1,100","$1,100","$1,141",$41,3.7%,$41,3.7%,Reebok,Fashion & Retail,Massachusetts,M,76
Norma Lerner,"$1,100","$1,100","$1,133",$33,3.0%,$33,3.0%,banking,Finance & Investments,Ohio,F,84
Alexander Karp,"$1,300","$1,300","$1,128",-$172,-13.3%,-$172,-13.3%,software firm,Technology,California,M,52
Michael Steinhardt,"$1,100","$1,100","$1,127",$27,2.5%,$27,2.5%,hedge funds,Finance & Investments,New York,M,79
Nancy Lerner,"$1,100","$1,100","$1,123",$23,2.1%,$23,2.1%,"banking, credit cards",Finance & Investments,Ohio,F,60
Randolph Lerner,"$1,100","$1,100","$1,122",$22,2.0%,$22,2.0%,"banking, credit cards",Finance & Investments,Ohio,M,58
Richard Kayne,"$1,100","$1,100","$1,116",$16,1.4%,$16,1.4%,investments,Finance & Investments,California,M,74
Chris Sacca,"$1,100",N/A,"$1,103",N/A,N/A,$3,0.2%,venture capital investing,Finance & Investments,California,M,45
Donald Friese,"$1,200","$1,100","$1,100",$0,0.0%,-$100,-8.3%,manufacturing,Manufacturing,California,M,79
David Golub,N/A,"$1,100","$1,100",$0,0.0%,N/A,N/A,private equity,Finance & Investments,New York,M,58
Forrest Preston,"$1,500","$1,200","$1,095",-$105,-8.8%,-$405,-27.0%,health care,Healthcare,Tennessee,M,87
Dean Stoecker,N/A,N/A,"$1,090",N/A,N/A,N/A,N/A,software,Technology,California,M,63
Duke Reyes,N/A,"$1,500","$1,088",-$412,-27.5%,N/A,N/A,beer distribution,Food & Beverage,Florida,M,63
Dan Wilks,"$1,400","$1,100","$1,074",-$26,-2.3%,-$326,-23.3%,natural gas,Energy,Texas,M,64
Susan Williams,N/A,N/A,"$1,070",N/A,N/A,N/A,N/A,industrial supplies,Manufacturing,Missouri,F,
Jonathan Oringer,N/A,N/A,"$1,062",N/A,N/A,N/A,N/A,stock photos,Technology,New York,M,46
Henry Davis,"$1,300","$1,100","$1,055",-$45,-4.1%,-$245,-18.8%,beef processing,Food & Beverage,Nebraska,M,69
Richard Hayne,"$1,200",N/A,"$1,052",N/A,N/A,-$148,-12.3%,Urban Outfitters,Fashion & Retail,Pennsylvania,M,73
Robert Toll,N/A,N/A,"$1,052",N/A,N/A,N/A,N/A,home building,Real Estate,Florida,M,79
Laurie Tisch,N/A,"$1,000","$1,043",$43,4.3%,N/A,N/A,"insurance, NFL team",Diversified,New York,F,69
Steven Tisch,N/A,"$1,000","$1,042",$42,4.2%,N/A,N/A,insurance,Diversified,California,M,71
Jay-Z,N/A,"$1,000","$1,042",$42,4.2%,N/A,N/A,diversified,Media & Entertainment,New York,M,50
Craig Newmark,"$1,600","$1,300","$1,042",-$258,-19.9%,-$558,-34.9%,Craigslist,Technology,California,M,67
Brian Armstrong,"$1,300","$1,000","$1,040",$40,4.0%,-$260,-20.0%,cryptocurrency,Finance & Investments,California,M,37
Lowell Milken,"$1,000","$1,000","$1,039",$39,3.9%,$39,3.9%,investments,Finance & Investments,California,M,71
Wesley Edens,N/A,"$1,000","$1,036",$36,3.6%,N/A,N/A,investments,Finance & Investments,New York,M,58
Jeffrey Lorberbaum,"$1,500",N/A,"$1,033",N/A,N/A,N/A,N/A,Flooring,Manufacturing,Tennessee,M,65
Sandy Weill,"$1,000","$1,000","$1,028",$28,2.8%,$28,2.8%,Citigroup,Finance & Investments,California,M,87
John Goff,"$1,000",N/A,"$1,024",N/A,N/A,$24,2.4%,real estate,Real Estate,Texas,M,65
Neerja Sethi,N/A,"$1,000","$1,020",$20,2.0%,N/A,N/A,"IT consulting, outsourcing",Technology,Florida,F,65
Scott Smith,N/A,"$1,000","$1,003",$3,0.3%,N/A,N/A,cloud computing,Technology,Utah,M,71
Tyler Perry,N/A,N/A,"$1,001",N/A,N/A,N/A,N/A,"movies, television",Media & Entertainment,Georgia,M,51
Wilbur  'Ed' Bosarge Jr,N/A,N/A,"$1,000",N/A,N/A,N/A,N/A,high speed trading,Finance & Investments,Texas,M,81
Bom Kim,N/A,"$1,000","$1,000",$0,0.0%,N/A,N/A,online retailing,Technology,,M,41
Carl Thoma,N/A,"$1,000","$1,000",$0,0.0%,N/A,N/A,investments,Finance & Investments,Illinois,M,71
RJ Scaringe,N/A,"$1,000","$1,000",$0,0.0%,N/A,N/A,electric vehicles,Automotive,California,M,36
David Hall,"$1,000","$1,000","$1,000",$0,0.0%,$0,0.0%,automotive technology,Automotive,California,M,69
David Kabiller,"$1,000","$1,000","$1,000",$0,0.0%,$0,0.0%,investment management,Finance & Investments,Connecticut,M,57
John Liew,"$1,000","$1,000","$1,000",$0,0.0%,$0,0.0%,investment management,Finance & Investments,Connecticut,M,53
Randall Rollins,"$4,100","$3,500",N/A,N/A,N/A,N/A,N/A,pest control,Service,Georgia,M,88
Sumner Redstone,"$4,600","$2,600",N/A,N/A,N/A,N/A,N/A,Media,Media & Entertainment,California,M,97
J. Joe Ricketts,"$2,800","$1,900",N/A,N/A,N/A,N/A,N/A,TD Ameritrade,Finance & Investments,Wyoming,M,79
Manuel Moroun,"$1,800","$1,500",N/A,N/A,N/A,N/A,N/A,Transportation,Logistics,,M,
Kathy Fields,"$1,500","$1,400",N/A,N/A,N/A,N/A,N/A,skin care,Fashion & Retail,California,F,62
Katie Rodan,"$1,500","$1,400",N/A,N/A,N/A,N/A,N/A,skin care,Fashion & Retail,California,F,65
GT Dave,N/A,"$1,000",N/A,N/A,N/A,N/A,N/A,kombucha,Food & Beverage,California,M,43
Linden Blue,N/A,"$1,000",N/A,N/A,N/A,N/A,N/A,defense,Manufacturing,California,M,84
Edmund Ansin,"$1,400","$1,000",N/A,N/A,N/A,N/A,N/A,Television,Media & Entertainment,Florida,M,84
Axel Stawski,"$1,000","$1,000",N/A,N/A,N/A,N/A,N/A,Real Estate,Real Estate,New York,M,69
Kylie Jenner,"$1,000","$1,000",N/A,N/A,N/A,N/A,N/A,Cosmetics,Fashion & Retail,California,F,22
Whitney MacMillan,"$5,600",N/A,N/A,N/A,N/A,N/A,N/A,Cargill,Food & Beverage,Minnesota,M,90
Do Won & Jin Sook Chang,"$3,000",N/A,N/A,N/A,N/A,N/A,N/A,Fashion Retail,Fashion & Retail,California,,
Miguel McKelvey,"$2,900",N/A,N/A,N/A,N/A,N/A,N/A,WeWork,Real Estate,New York,M,46
Katherine Tanner,"$1,900",N/A,N/A,N/A,N/A,N/A,N/A,Cargill,Food & Beverage,,F,
Christopher Cline,"$1,800",N/A,N/A,N/A,N/A,N/A,N/A,Coal,Metals & Mining,West Virginia,M,60
Ryan Graves,"$1,600",N/A,N/A,N/A,N/A,N/A,N/A,uber,Technology,Hawaii,M,37
John Edson,"$1,400",N/A,N/A,N/A,N/A,N/A,N/A,Leisure Craft,Manufacturing,Wyoming,M,88
Martha Ford,"$1,400",N/A,N/A,N/A,N/A,N/A,N/A,Ford Motor,Automotive,Michigan,F,94
Anne Gittinger,"$1,300",N/A,N/A,N/A,N/A,N/A,N/A,Nordstrom Department Stores,Fashion & Retail,Washington,F,84
"Cargill MacMillan, III","$1,300",N/A,N/A,N/A,N/A,N/A,N/A,Cargill,Food & Beverage,Colorado,M,60
John MacMillan,"$1,300",N/A,N/A,N/A,N/A,N/A,N/A,Cargill,Food & Beverage,Minnesota,M,70
Martha MacMillan,"$1,300",N/A,N/A,N/A,N/A,N/A,N/A,Cargill,Food & Beverage,Minnesota,F,66
Mitchell Jacobson,"$1,300",N/A,N/A,N/A,N/A,N/A,N/A,Industrial Equipment,Service,New York,M,69
William MacMillan,"$1,300",N/A,N/A,N/A,N/A,N/A,N/A,Cargill,Food & Beverage,Colorado,M,66
Bruce Nordstrom,"$1,200",N/A,N/A,N/A,N/A,N/A,N/A,Nordstrom Department Stores,Fashion & Retail,Washington,M,86
Irwin Jacobs,"$1,200",N/A,N/A,N/A,N/A,N/A,N/A,Semiconductors,Technology,California,M,86
Adam Bowen,"$1,100",N/A,N/A,N/A,N/A,N/A,N/A,e-cigarettes,Manufacturing,California,M,44
James Monsees,"$1,100",N/A,N/A,N/A,N/A,N/A,N/A,e-cigarettes,Manufacturing,California,M,40
Sara Blakely,"$1,100",N/A,N/A,N/A,N/A,N/A,N/A,Spanx,Fashion & Retail,Georgia,F,49
Steven Roth,"$1,100",N/A,N/A,N/A,N/A,N/A,N/A,Real Estate,Real Estate,New York,M,78
William Macaulay,"$1,100",N/A,N/A,N/A,N/A,N/A,N/A,Energy Investments,Energy,Connecticut,M,74
Anastasia Soare,"$1,000",N/A,N/A,N/A,N/A,N/A,N/A,Cosmetics,Fashion & Retail,California,F,62
Carolyn Rafaelian,"$1,000",N/A,N/A,N/A,N/A,N/A,N/A,Jewelry,Fashion & Retail,Rhode Island,F,53
Evan Sharp,"$1,000",N/A,N/A,N/A,N/A,N/A,N/A,Pinterest,Technology,California,M,37
James Truchard,"$1,000",N/A,N/A,N/A,N/A,N/A,N/A,Software,Technology,Texas,M,77
Mimi Haas,"$1,000",N/A,N/A,N/A,N/A,N/A,N/A,Levi's Jeans,Fashion & Retail,California,F,74
,,,,,,,,,,,,
Sources:,,,,,,,,,,,,
"February 8, 2019 data: Forbes 2019 World Billionaires Report, March 5, 2019",,,,,,,,,,,,
"March 18, 2020 data: Forbes, ""Forbes Publishes 34th Annual List Of Global Billionaires"" April 7, 2020",,,,,,,,,,,,
"Oct. 13, 2020 data: Forbes, ""The World's Real-Time Billionaires, Today's Winners and Losers,"" accessed Oct. 13, 2020",,,,,,,,,,,,